,Normal (kWh),Horário Económico (kWh),Autoconsumo (kWh),Data & Hora
0,0.0,0.467,0.0,2023-01-01 00:00:00
1,0.0,0.577,0.0,2023-01-01 01:00:00
2,0.0,0.346,0.0,2023-01-01 02:00:00
3,0.0,0.27,0.0,2023-01-01 03:00:00
4,0.0,0.252,0.0,2023-01-01 04:00:00
5,0.0,0.255,0.0,2023-01-01 05:00:00
6,0.0,0.256,0.0,2023-01-01 06:00:00
7,0.0,0.263,0.0,2023-01-01 07:00:00
8,0.275,0.0,0.002,2023-01-01 08:00:00
9,0.331,0.0,0.0,2023-01-01 09:00:00
10,0.271,0.0,0.0,2023-01-01 10:00:00
11,0.25,0.0,0.022,2023-01-01 11:00:00
12,0.778,0.0,0.056,2023-01-01 12:00:00
13,0.496,0.0,0.007,2023-01-01 13:00:00
14,0.338,0.0,0.016,2023-01-01 14:00:00
15,0.362,0.0,0.001,2023-01-01 15:00:00
16,1.326,0.0,0.0,2023-01-01 16:00:00
17,0.631,0.0,0.0,2023-01-01 17:00:00
18,0.595,0.0,0.0,2023-01-01 18:00:00
19,2.089,0.0,0.0,2023-01-01 19:00:00
20,1.635,0.0,0.0,2023-01-01 20:00:00
21,0.637,0.0,0.0,2023-01-01 21:00:00
22,0.0,0.577,0.0,2023-01-01 22:00:00
23,0.0,0.566,0.0,2023-01-01 23:00:00
24,0.0,0.639,0.0,2023-01-02 00:00:00
25,0.0,0.51,0.0,2023-01-02 01:00:00
26,0.0,0.375,0.0,2023-01-02 02:00:00
27,0.0,0.345,0.0,2023-01-02 03:00:00
28,0.0,0.241,0.0,2023-01-02 04:00:00
29,0.0,0.237,0.0,2023-01-02 05:00:00
30,0.0,0.252,0.0,2023-01-02 06:00:00
31,0.0,0.974,0.0,2023-01-02 07:00:00
32,0.476,0.0,0.01,2023-01-02 08:00:00
33,0.15,0.0,0.083,2023-01-02 09:00:00
34,0.08,0.0,0.158,2023-01-02 10:00:00
35,0.0,0.0,0.251,2023-01-02 11:00:00
36,0.0,0.0,0.248,2023-01-02 12:00:00
37,0.166,0.0,0.078,2023-01-02 13:00:00
38,0.01,0.0,0.22,2023-01-02 14:00:00
39,0.023,0.0,0.272,2023-01-02 15:00:00
40,0.251,0.0,0.053,2023-01-02 16:00:00
41,0.425,0.0,0.0,2023-01-02 17:00:00
42,0.97,0.0,0.0,2023-01-02 18:00:00
43,0.683,0.0,0.0,2023-01-02 19:00:00
44,0.73,0.0,0.0,2023-01-02 20:00:00
45,0.847,0.0,0.0,2023-01-02 21:00:00
46,0.0,0.681,0.0,2023-01-02 22:00:00
47,0.0,0.56,0.0,2023-01-02 23:00:00
48,0.0,0.521,0.0,2023-01-03 00:00:00
49,0.0,0.338,0.0,2023-01-03 01:00:00
50,0.0,0.271,0.0,2023-01-03 02:00:00
51,0.0,0.259,0.0,2023-01-03 03:00:00
52,0.0,0.247,0.0,2023-01-03 04:00:00
53,0.0,0.263,0.0,2023-01-03 05:00:00
54,0.0,0.274,0.0,2023-01-03 06:00:00
55,0.0,0.813,0.0,2023-01-03 07:00:00
56,0.301,0.0,0.081,2023-01-03 08:00:00
57,0.0,0.0,0.325,2023-01-03 09:00:00
58,0.0,0.0,0.271,2023-01-03 10:00:00
59,0.0,0.0,0.261,2023-01-03 11:00:00
60,0.368,0.0,0.614,2023-01-03 12:00:00
61,0.06,0.0,0.495,2023-01-03 13:00:00
62,0.0,0.0,0.255,2023-01-03 14:00:00
63,0.023,0.0,0.221,2023-01-03 15:00:00
64,0.175,0.0,0.065,2023-01-03 16:00:00
65,0.23,0.0,0.0,2023-01-03 17:00:00
66,0.858,0.0,0.0,2023-01-03 18:00:00
67,0.843,0.0,0.0,2023-01-03 19:00:00
68,0.463,0.0,0.0,2023-01-03 20:00:00
69,0.854,0.0,0.0,2023-01-03 21:00:00
70,0.0,1.514,0.0,2023-01-03 22:00:00
71,0.0,0.609,0.0,2023-01-03 23:00:00
72,0.0,0.592,0.0,2023-01-04 00:00:00
73,0.0,0.579,0.0,2023-01-04 01:00:00
74,0.0,0.531,0.0,2023-01-04 02:00:00
75,0.0,0.264,0.0,2023-01-04 03:00:00
76,0.0,0.266,0.0,2023-01-04 04:00:00
77,0.0,0.265,0.0,2023-01-04 05:00:00
78,0.0,0.299,0.0,2023-01-04 06:00:00
79,0.0,1.245,0.0,2023-01-04 07:00:00
80,0.369,0.0,0.092,2023-01-04 08:00:00
81,0.0,0.0,0.367,2023-01-04 09:00:00
82,0.0,0.0,0.367,2023-01-04 10:00:00
83,0.0,0.0,0.361,2023-01-04 11:00:00
84,0.0,0.0,0.281,2023-01-04 12:00:00
85,0.0,0.0,0.252,2023-01-04 13:00:00
86,0.0,0.0,0.288,2023-01-04 14:00:00
87,0.204,0.0,0.324,2023-01-04 15:00:00
88,0.21,0.0,0.042,2023-01-04 16:00:00
89,0.304,0.0,0.0,2023-01-04 17:00:00
90,1.174,0.0,0.0,2023-01-04 18:00:00
91,1.826,0.0,0.0,2023-01-04 19:00:00
92,1.262,0.0,0.0,2023-01-04 20:00:00
93,0.808,0.0,0.0,2023-01-04 21:00:00
94,0.0,0.662,0.0,2023-01-04 22:00:00
95,0.0,0.472,0.0,2023-01-04 23:00:00
96,0.0,0.418,0.0,2023-01-05 00:00:00
97,0.0,0.361,0.0,2023-01-05 01:00:00
98,0.0,0.357,0.0,2023-01-05 02:00:00
99,0.0,0.319,0.0,2023-01-05 03:00:00
100,0.0,0.308,0.0,2023-01-05 04:00:00
101,0.0,0.303,0.0,2023-01-05 05:00:00
102,0.0,0.308,0.0,2023-01-05 06:00:00
103,0.0,0.829,0.0,2023-01-05 07:00:00
104,0.381,0.0,0.094,2023-01-05 08:00:00
105,0.0,0.0,0.335,2023-01-05 09:00:00
106,0.336,0.0,0.616,2023-01-05 10:00:00
107,0.0,0.0,0.337,2023-01-05 11:00:00
108,0.057,0.0,0.424,2023-01-05 12:00:00
109,0.0,0.0,0.343,2023-01-05 13:00:00
110,0.0,0.0,0.292,2023-01-05 14:00:00
111,0.0,0.0,0.293,2023-01-05 15:00:00
112,0.247,0.0,0.049,2023-01-05 16:00:00
113,0.321,0.0,0.0,2023-01-05 17:00:00
114,0.89,0.0,0.0,2023-01-05 18:00:00
115,1.752,0.0,0.0,2023-01-05 19:00:00
116,0.817,0.0,0.0,2023-01-05 20:00:00
117,1.256,0.0,0.0,2023-01-05 21:00:00
118,0.0,2.771,0.0,2023-01-05 22:00:00
119,0.0,2.215,0.0,2023-01-05 23:00:00
120,0.0,1.78,0.0,2023-01-06 00:00:00
121,0.0,0.95,0.0,2023-01-06 01:00:00
122,0.0,0.713,0.0,2023-01-06 02:00:00
123,0.0,0.47,0.0,2023-01-06 03:00:00
124,0.0,0.497,0.0,2023-01-06 04:00:00
125,0.0,0.443,0.0,2023-01-06 05:00:00
126,0.0,0.792,0.0,2023-01-06 06:00:00
127,0.0,1.763,0.0,2023-01-06 07:00:00
128,0.947,0.0,0.074,2023-01-06 08:00:00
129,0.245,0.0,0.406,2023-01-06 09:00:00
130,0.164,0.0,0.421,2023-01-06 10:00:00
131,0.052,0.0,0.449,2023-01-06 11:00:00
132,0.067,0.0,0.394,2023-01-06 12:00:00
133,0.018,0.0,0.436,2023-01-06 13:00:00
134,0.0,0.0,0.444,2023-01-06 14:00:00
135,0.222,0.0,0.223,2023-01-06 15:00:00
136,0.457,0.0,0.046,2023-01-06 16:00:00
137,0.586,0.0,0.0,2023-01-06 17:00:00
138,1.821,0.0,0.0,2023-01-06 18:00:00
139,1.046,0.0,0.0,2023-01-06 19:00:00
140,0.413,0.0,0.0,2023-01-06 20:00:00
141,0.36,0.0,0.0,2023-01-06 21:00:00
142,0.0,0.369,0.0,2023-01-06 22:00:00
143,0.0,0.375,0.0,2023-01-06 23:00:00
144,0.0,0.732,0.0,2023-01-07 00:00:00
145,0.0,0.605,0.0,2023-01-07 01:00:00
146,0.0,0.493,0.0,2023-01-07 02:00:00
147,0.0,1.073,0.0,2023-01-07 03:00:00
148,0.0,0.777,0.0,2023-01-07 04:00:00
149,0.0,0.469,0.0,2023-01-07 05:00:00
150,0.0,0.412,0.0,2023-01-07 06:00:00
151,0.0,0.408,0.0,2023-01-07 07:00:00
152,0.383,0.0,0.0,2023-01-07 08:00:00
153,0.343,0.0,0.023,2023-01-07 09:00:00
154,0.333,0.0,0.03,2023-01-07 10:00:00
155,0.415,0.0,0.057,2023-01-07 11:00:00
156,0.61,0.0,0.061,2023-01-07 12:00:00
157,0.533,0.0,0.065,2023-01-07 13:00:00
158,0.536,0.0,0.02,2023-01-07 14:00:00
159,0.922,0.0,0.005,2023-01-07 15:00:00
160,0.678,0.0,0.001,2023-01-07 16:00:00
161,0.521,0.0,0.0,2023-01-07 17:00:00
162,0.563,0.0,0.0,2023-01-07 18:00:00
163,0.668,0.0,0.0,2023-01-07 19:00:00
164,0.523,0.0,0.0,2023-01-07 20:00:00
165,0.338,0.0,0.0,2023-01-07 21:00:00
166,0.0,0.34,0.0,2023-01-07 22:00:00
167,0.0,0.411,0.0,2023-01-07 23:00:00
168,0.0,0.677,0.0,2023-01-08 00:00:00
169,0.0,0.286,0.0,2023-01-08 01:00:00
170,0.0,0.26,0.0,2023-01-08 02:00:00
171,0.0,0.258,0.0,2023-01-08 03:00:00
172,0.0,0.255,0.0,2023-01-08 04:00:00
173,0.0,0.283,0.0,2023-01-08 05:00:00
174,0.0,0.752,0.0,2023-01-08 06:00:00
175,0.0,0.28,0.0,2023-01-08 07:00:00
176,0.259,0.0,0.001,2023-01-08 08:00:00
177,0.226,0.0,0.05,2023-01-08 09:00:00
178,0.185,0.0,0.095,2023-01-08 10:00:00
179,0.94,0.0,0.105,2023-01-08 11:00:00
180,1.277,0.0,0.17,2023-01-08 12:00:00
181,1.165,0.0,0.123,2023-01-08 13:00:00
182,1.999,0.0,0.077,2023-01-08 14:00:00
183,2.19,0.0,0.025,2023-01-08 15:00:00
184,1.681,0.0,0.011,2023-01-08 16:00:00
185,0.797,0.0,0.0,2023-01-08 17:00:00
186,0.659,0.0,0.0,2023-01-08 18:00:00
187,0.929,0.0,0.0,2023-01-08 19:00:00
188,0.719,0.0,0.0,2023-01-08 20:00:00
189,0.418,0.0,0.0,2023-01-08 21:00:00
190,0.0,0.384,0.0,2023-01-08 22:00:00
191,0.0,0.395,0.0,2023-01-08 23:00:00
192,0.0,0.719,0.0,2023-01-09 00:00:00
193,0.0,0.342,0.0,2023-01-09 01:00:00
194,0.0,0.262,0.0,2023-01-09 02:00:00
195,0.0,0.256,0.0,2023-01-09 03:00:00
196,0.0,0.254,0.0,2023-01-09 04:00:00
197,0.0,0.253,0.0,2023-01-09 05:00:00
198,0.0,0.255,0.0,2023-01-09 06:00:00
199,0.0,1.127,0.0,2023-01-09 07:00:00
200,0.407,0.0,0.026,2023-01-09 08:00:00
201,0.193,0.0,0.184,2023-01-09 09:00:00
202,0.056,0.0,0.425,2023-01-09 10:00:00
203,0.286,0.0,0.38,2023-01-09 11:00:00
204,0.0,0.0,0.242,2023-01-09 12:00:00
205,0.0,0.0,0.245,2023-01-09 13:00:00
206,0.0,0.0,0.322,2023-01-09 14:00:00
207,0.066,0.0,0.265,2023-01-09 15:00:00
208,0.236,0.0,0.08,2023-01-09 16:00:00
209,0.314,0.0,0.0,2023-01-09 17:00:00
210,1.54,0.0,0.0,2023-01-09 18:00:00
211,2.478,0.0,0.0,2023-01-09 19:00:00
212,0.643,0.0,0.0,2023-01-09 20:00:00
213,1.644,0.0,0.0,2023-01-09 21:00:00
214,0.0,0.674,0.0,2023-01-09 22:00:00
215,0.0,0.532,0.0,2023-01-09 23:00:00
216,0.0,0.346,0.0,2023-01-10 00:00:00
217,0.0,0.341,0.0,2023-01-10 01:00:00
218,0.0,0.292,0.0,2023-01-10 02:00:00
219,0.0,0.28,0.0,2023-01-10 03:00:00
220,0.0,0.268,0.0,2023-01-10 04:00:00
221,0.0,0.286,0.0,2023-01-10 05:00:00
222,0.0,0.254,0.0,2023-01-10 06:00:00
223,0.0,1.36,0.0,2023-01-10 07:00:00
224,0.394,0.0,0.029,2023-01-10 08:00:00
225,0.212,0.0,0.086,2023-01-10 09:00:00
226,0.12,0.0,0.12,2023-01-10 10:00:00
227,0.007,0.0,0.23,2023-01-10 11:00:00
228,0.006,0.0,0.234,2023-01-10 12:00:00
229,0.122,0.0,0.161,2023-01-10 13:00:00
230,0.292,0.0,0.082,2023-01-10 14:00:00
231,0.633,0.0,0.115,2023-01-10 15:00:00
232,0.751,0.0,0.029,2023-01-10 16:00:00
233,0.401,0.0,0.0,2023-01-10 17:00:00
234,0.287,0.0,0.0,2023-01-10 18:00:00
235,0.431,0.0,0.0,2023-01-10 19:00:00
236,1.081,0.0,0.0,2023-01-10 20:00:00
237,0.64,0.0,0.0,2023-01-10 21:00:00
238,0.0,0.866,0.0,2023-01-10 22:00:00
239,0.0,0.582,0.0,2023-01-10 23:00:00
240,0.0,0.364,0.0,2023-01-11 00:00:00
241,0.0,0.257,0.0,2023-01-11 01:00:00
242,0.0,0.251,0.0,2023-01-11 02:00:00
243,0.0,0.266,0.0,2023-01-11 03:00:00
244,0.0,0.257,0.0,2023-01-11 04:00:00
245,0.0,0.25,0.0,2023-01-11 05:00:00
246,0.0,0.249,0.0,2023-01-11 06:00:00
247,0.0,0.959,0.0,2023-01-11 07:00:00
248,0.298,0.0,0.089,2023-01-11 08:00:00
249,0.461,0.0,0.347,2023-01-11 09:00:00
250,0.04,0.0,0.342,2023-01-11 10:00:00
251,0.0,0.0,0.254,2023-01-11 11:00:00
252,0.0,0.0,0.255,2023-01-11 12:00:00
253,0.0,0.0,0.252,2023-01-11 13:00:00
254,0.0,0.0,0.246,2023-01-11 14:00:00
255,0.0,0.0,0.248,2023-01-11 15:00:00
256,0.165,0.0,0.074,2023-01-11 16:00:00
257,0.307,0.0,0.0,2023-01-11 17:00:00
258,0.398,0.0,0.0,2023-01-11 18:00:00
259,0.386,0.0,0.0,2023-01-11 19:00:00
260,0.358,0.0,0.0,2023-01-11 20:00:00
261,0.428,0.0,0.0,2023-01-11 21:00:00
262,0.0,0.358,0.0,2023-01-11 22:00:00
263,0.0,0.356,0.0,2023-01-11 23:00:00
264,0.0,0.423,0.0,2023-01-12 00:00:00
265,0.0,0.253,0.0,2023-01-12 01:00:00
266,0.0,0.251,0.0,2023-01-12 02:00:00
267,0.0,0.288,0.0,2023-01-12 03:00:00
268,0.0,0.271,0.0,2023-01-12 04:00:00
269,0.0,0.255,0.0,2023-01-12 05:00:00
270,0.0,0.291,0.0,2023-01-12 06:00:00
271,0.0,1.006,0.0,2023-01-12 07:00:00
272,0.306,0.0,0.06,2023-01-12 08:00:00
273,0.09,0.0,0.188,2023-01-12 09:00:00
274,0.055,0.0,0.236,2023-01-12 10:00:00
275,0.081,0.0,0.183,2023-01-12 11:00:00
276,0.113,0.0,0.168,2023-01-12 12:00:00
277,0.101,0.0,0.193,2023-01-12 13:00:00
278,0.586,0.0,0.132,2023-01-12 14:00:00
279,0.311,0.0,0.084,2023-01-12 15:00:00
280,0.29,0.0,0.021,2023-01-12 16:00:00
281,0.992,0.0,0.0,2023-01-12 17:00:00
282,0.646,0.0,0.0,2023-01-12 18:00:00
283,0.488,0.0,0.0,2023-01-12 19:00:00
284,0.557,0.0,0.0,2023-01-12 20:00:00
285,0.858,0.0,0.0,2023-01-12 21:00:00
286,0.0,0.43,0.0,2023-01-12 22:00:00
287,0.0,0.336,0.0,2023-01-12 23:00:00
288,0.0,0.258,0.0,2023-01-13 00:00:00
289,0.0,0.311,0.0,2023-01-13 01:00:00
290,0.0,0.286,0.0,2023-01-13 02:00:00
291,0.0,0.303,0.0,2023-01-13 03:00:00
292,0.0,0.316,0.0,2023-01-13 04:00:00
293,0.0,0.285,0.0,2023-01-13 05:00:00
294,0.0,1.568,0.0,2023-01-13 06:00:00
295,0.0,0.874,0.0,2023-01-13 07:00:00
296,0.418,0.0,0.029,2023-01-13 08:00:00
297,0.221,0.0,0.081,2023-01-13 09:00:00
298,0.174,0.0,0.148,2023-01-13 10:00:00
299,0.051,0.0,0.249,2023-01-13 11:00:00
300,0.078,0.0,0.23,2023-01-13 12:00:00
301,0.0,0.0,0.324,2023-01-13 13:00:00
302,0.228,0.0,0.33,2023-01-13 14:00:00
303,0.014,0.0,0.324,2023-01-13 15:00:00
304,0.284,0.0,0.075,2023-01-13 16:00:00
305,0.352,0.0,0.0,2023-01-13 17:00:00
306,0.481,0.0,0.0,2023-01-13 18:00:00
307,1.284,0.0,0.0,2023-01-13 19:00:00
308,0.919,0.0,0.0,2023-01-13 20:00:00
309,0.517,0.0,0.0,2023-01-13 21:00:00
310,0.0,0.528,0.0,2023-01-13 22:00:00
311,0.0,1.154,0.0,2023-01-13 23:00:00
312,0.0,0.353,0.0,2023-01-14 00:00:00
313,0.0,0.273,0.0,2023-01-14 01:00:00
314,0.0,0.3,0.0,2023-01-14 02:00:00
315,0.0,0.302,0.0,2023-01-14 03:00:00
316,0.0,0.277,0.0,2023-01-14 04:00:00
317,0.0,1.467,0.0,2023-01-14 05:00:00
318,0.0,1.067,0.0,2023-01-14 06:00:00
319,0.0,0.303,0.0,2023-01-14 07:00:00
320,0.674,0.0,0.005,2023-01-14 08:00:00
321,0.225,0.0,0.076,2023-01-14 09:00:00
322,0.984,0.0,0.214,2023-01-14 10:00:00
323,1.013,0.0,0.108,2023-01-14 11:00:00
324,2.596,0.0,0.114,2023-01-14 12:00:00
325,1.002,0.0,0.204,2023-01-14 13:00:00
326,1.299,0.0,0.151,2023-01-14 14:00:00
327,0.568,0.0,0.09,2023-01-14 15:00:00
328,0.739,0.0,0.028,2023-01-14 16:00:00
329,1.199,0.0,0.0,2023-01-14 17:00:00
330,0.579,0.0,0.0,2023-01-14 18:00:00
331,0.567,0.0,0.0,2023-01-14 19:00:00
332,0.435,0.0,0.0,2023-01-14 20:00:00
333,0.449,0.0,0.0,2023-01-14 21:00:00
334,0.0,0.445,0.0,2023-01-14 22:00:00
335,0.0,0.461,0.0,2023-01-14 23:00:00
336,0.0,0.317,0.0,2023-01-15 00:00:00
337,0.0,0.293,0.0,2023-01-15 01:00:00
338,0.0,0.286,0.0,2023-01-15 02:00:00
339,0.0,1.485,0.0,2023-01-15 03:00:00
340,0.0,0.305,0.0,2023-01-15 04:00:00
341,0.0,0.296,0.0,2023-01-15 05:00:00
342,0.0,0.265,0.0,2023-01-15 06:00:00
343,0.0,0.301,0.0,2023-01-15 07:00:00
344,0.188,0.0,0.106,2023-01-15 08:00:00
345,0.0,0.0,0.364,2023-01-15 09:00:00
346,0.686,0.0,0.665,2023-01-15 10:00:00
347,0.371,0.0,0.402,2023-01-15 11:00:00
348,1.431,0.0,0.674,2023-01-15 12:00:00
349,0.673,0.0,0.506,2023-01-15 13:00:00
350,0.029,0.0,0.29,2023-01-15 14:00:00
351,0.754,0.0,0.328,2023-01-15 15:00:00
352,0.405,0.0,0.099,2023-01-15 16:00:00
353,0.713,0.0,0.0,2023-01-15 17:00:00
354,0.672,0.0,0.0,2023-01-15 18:00:00
355,0.754,0.0,0.0,2023-01-15 19:00:00
356,0.822,0.0,0.0,2023-01-15 20:00:00
357,0.653,0.0,0.0,2023-01-15 21:00:00
358,0.0,0.597,0.0,2023-01-15 22:00:00
359,0.0,0.639,0.0,2023-01-15 23:00:00
360,0.0,0.747,0.0,2023-01-16 00:00:00
361,0.0,0.556,0.0,2023-01-16 01:00:00
362,0.0,0.604,0.0,2023-01-16 02:00:00
363,0.0,0.813,0.0,2023-01-16 03:00:00
364,0.0,0.504,0.0,2023-01-16 04:00:00
365,0.0,0.49,0.0,2023-01-16 05:00:00
366,0.0,0.472,0.0,2023-01-16 06:00:00
367,0.0,1.364,0.0,2023-01-16 07:00:00
368,0.369,0.0,0.0,2023-01-16 08:00:00
369,0.271,0.0,0.013,2023-01-16 09:00:00
370,0.243,0.0,0.068,2023-01-16 10:00:00
371,0.251,0.0,0.089,2023-01-16 11:00:00
372,0.687,0.0,0.095,2023-01-16 12:00:00
373,0.222,0.0,0.071,2023-01-16 13:00:00
374,0.228,0.0,0.029,2023-01-16 14:00:00
375,0.306,0.0,0.004,2023-01-16 15:00:00
376,0.283,0.0,0.0,2023-01-16 16:00:00
377,0.504,0.0,0.0,2023-01-16 17:00:00
378,1.494,0.0,0.0,2023-01-16 18:00:00
379,0.637,0.0,0.0,2023-01-16 19:00:00
380,0.465,0.0,0.0,2023-01-16 20:00:00
381,0.48,0.0,0.0,2023-01-16 21:00:00
382,0.0,0.729,0.0,2023-01-16 22:00:00
383,0.0,0.517,0.0,2023-01-16 23:00:00
384,0.0,0.512,0.0,2023-01-17 00:00:00
385,0.0,0.562,0.0,2023-01-17 01:00:00
386,0.0,0.264,0.0,2023-01-17 02:00:00
387,0.0,0.305,0.0,2023-01-17 03:00:00
388,0.0,0.263,0.0,2023-01-17 04:00:00
389,0.0,0.279,0.0,2023-01-17 05:00:00
390,0.0,0.275,0.0,2023-01-17 06:00:00
391,0.0,1.006,0.0,2023-01-17 07:00:00
392,0.461,0.0,0.012,2023-01-17 08:00:00
393,0.222,0.0,0.122,2023-01-17 09:00:00
394,0.284,0.0,0.115,2023-01-17 10:00:00
395,0.276,0.0,0.145,2023-01-17 11:00:00
396,0.139,0.0,0.267,2023-01-17 12:00:00
397,0.6,0.0,0.233,2023-01-17 13:00:00
398,0.169,0.0,0.178,2023-01-17 14:00:00
399,0.431,0.0,0.093,2023-01-17 15:00:00
400,0.337,0.0,0.058,2023-01-17 16:00:00
401,0.364,0.0,0.002,2023-01-17 17:00:00
402,2.341,0.0,0.0,2023-01-17 18:00:00
403,0.543,0.0,0.0,2023-01-17 19:00:00
404,0.65,0.0,0.0,2023-01-17 20:00:00
405,0.372,0.0,0.0,2023-01-17 21:00:00
406,0.0,0.357,0.0,2023-01-17 22:00:00
407,0.0,0.447,0.0,2023-01-17 23:00:00
408,0.0,0.277,0.0,2023-01-18 00:00:00
409,0.0,0.272,0.0,2023-01-18 01:00:00
410,0.0,0.314,0.0,2023-01-18 02:00:00
411,0.0,0.279,0.0,2023-01-18 03:00:00
412,0.0,0.313,0.0,2023-01-18 04:00:00
413,0.0,0.283,0.0,2023-01-18 05:00:00
414,0.0,0.296,0.0,2023-01-18 06:00:00
415,0.0,0.957,0.0,2023-01-18 07:00:00
416,0.358,0.0,0.088,2023-01-18 08:00:00
417,1.317,0.0,0.363,2023-01-18 09:00:00
418,0.05,0.0,0.331,2023-01-18 10:00:00
419,0.047,0.0,0.343,2023-01-18 11:00:00
420,0.228,0.0,0.472,2023-01-18 12:00:00
421,0.9,0.0,0.543,2023-01-18 13:00:00
422,1.591,0.0,0.41,2023-01-18 14:00:00
423,0.145,0.0,0.212,2023-01-18 15:00:00
424,0.314,0.0,0.063,2023-01-18 16:00:00
425,0.41,0.0,0.0,2023-01-18 17:00:00
426,2.845,0.0,0.0,2023-01-18 18:00:00
427,2.037,0.0,0.0,2023-01-18 19:00:00
428,0.498,0.0,0.0,2023-01-18 20:00:00
429,0.404,0.0,0.0,2023-01-18 21:00:00
430,0.0,0.38,0.0,2023-01-18 22:00:00
431,0.0,0.422,0.0,2023-01-18 23:00:00
432,0.0,0.435,0.0,2023-01-19 00:00:00
433,0.0,0.422,0.0,2023-01-19 01:00:00
434,0.0,0.478,0.0,2023-01-19 02:00:00
435,0.0,0.379,0.0,2023-01-19 03:00:00
436,0.0,0.269,0.0,2023-01-19 04:00:00
437,0.0,0.263,0.0,2023-01-19 05:00:00
438,0.0,0.254,0.0,2023-01-19 06:00:00
439,0.0,0.677,0.0,2023-01-19 07:00:00
440,0.301,0.0,0.022,2023-01-19 08:00:00
441,0.649,0.0,0.087,2023-01-19 09:00:00
442,0.164,0.0,0.119,2023-01-19 10:00:00
443,0.14,0.0,0.15,2023-01-19 11:00:00
444,0.186,0.0,0.124,2023-01-19 12:00:00
445,0.158,0.0,0.126,2023-01-19 13:00:00
446,0.256,0.0,0.05,2023-01-19 14:00:00
447,0.376,0.0,0.021,2023-01-19 15:00:00
448,0.383,0.0,0.0,2023-01-19 16:00:00
449,0.379,0.0,0.0,2023-01-19 17:00:00
450,1.082,0.0,0.0,2023-01-19 18:00:00
451,2.43,0.0,0.0,2023-01-19 19:00:00
452,1.535,0.0,0.0,2023-01-19 20:00:00
453,0.893,0.0,0.0,2023-01-19 21:00:00
454,0.0,0.603,0.0,2023-01-19 22:00:00
455,0.0,0.567,0.0,2023-01-19 23:00:00
456,0.0,1.579,0.0,2023-01-20 00:00:00
457,0.0,0.517,0.0,2023-01-20 01:00:00
458,0.0,0.378,0.0,2023-01-20 02:00:00
459,0.0,0.329,0.0,2023-01-20 03:00:00
460,0.0,0.328,0.0,2023-01-20 04:00:00
461,0.0,0.319,0.0,2023-01-20 05:00:00
462,0.0,0.325,0.0,2023-01-20 06:00:00
463,0.0,0.617,0.0,2023-01-20 07:00:00
464,0.637,0.0,0.011,2023-01-20 08:00:00
465,1.361,0.0,0.05,2023-01-20 09:00:00
466,1.397,0.0,0.168,2023-01-20 10:00:00
467,0.832,0.0,0.4,2023-01-20 11:00:00
468,0.0,0.0,0.304,2023-01-20 12:00:00
469,0.0,0.0,0.256,2023-01-20 13:00:00
470,0.2,0.0,0.141,2023-01-20 14:00:00
471,0.197,0.0,0.171,2023-01-20 15:00:00
472,0.218,0.0,0.076,2023-01-20 16:00:00
473,0.277,0.0,0.0,2023-01-20 17:00:00
474,0.422,0.0,0.0,2023-01-20 18:00:00
475,0.606,0.0,0.0,2023-01-20 19:00:00
476,0.426,0.0,0.0,2023-01-20 20:00:00
477,0.431,0.0,0.0,2023-01-20 21:00:00
478,0.0,0.751,0.0,2023-01-20 22:00:00
479,0.0,0.492,0.0,2023-01-20 23:00:00
480,0.0,0.384,0.0,2023-01-21 00:00:00
481,0.0,0.381,0.0,2023-01-21 01:00:00
482,0.0,0.263,0.0,2023-01-21 02:00:00
483,0.0,0.304,0.0,2023-01-21 03:00:00
484,0.0,0.246,0.0,2023-01-21 04:00:00
485,0.0,0.296,0.0,2023-01-21 05:00:00
486,0.0,0.36,0.0,2023-01-21 06:00:00
487,0.0,0.248,0.0,2023-01-21 07:00:00
488,0.267,0.0,0.027,2023-01-21 08:00:00
489,0.139,0.0,0.3,2023-01-21 09:00:00
490,0.0,0.0,0.385,2023-01-21 10:00:00
491,0.211,0.0,0.508,2023-01-21 11:00:00
492,0.636,0.0,0.711,2023-01-21 12:00:00
493,0.723,0.0,0.549,2023-01-21 13:00:00
494,0.833,0.0,0.344,2023-01-21 14:00:00
495,0.567,0.0,0.384,2023-01-21 15:00:00
496,0.838,0.0,0.132,2023-01-21 16:00:00
497,0.521,0.0,0.002,2023-01-21 17:00:00
498,0.449,0.0,0.0,2023-01-21 18:00:00
499,0.373,0.0,0.0,2023-01-21 19:00:00
500,0.37,0.0,0.0,2023-01-21 20:00:00
501,0.424,0.0,0.0,2023-01-21 21:00:00
502,0.0,0.39,0.0,2023-01-21 22:00:00
503,0.0,0.473,0.0,2023-01-21 23:00:00
504,0.0,0.336,0.0,2023-01-22 00:00:00
505,0.0,0.386,0.0,2023-01-22 01:00:00
506,0.0,0.343,0.0,2023-01-22 02:00:00
507,0.0,0.329,0.0,2023-01-22 03:00:00
508,0.0,0.287,0.0,2023-01-22 04:00:00
509,0.0,0.264,0.0,2023-01-22 05:00:00
510,0.0,0.308,0.0,2023-01-22 06:00:00
511,0.0,0.664,0.0,2023-01-22 07:00:00
512,0.145,0.0,0.118,2023-01-22 08:00:00
513,0.0,0.0,0.309,2023-01-22 09:00:00
514,0.0,0.0,0.284,2023-01-22 10:00:00
515,0.0,0.0,0.44,2023-01-22 11:00:00
516,0.478,0.0,0.91,2023-01-22 12:00:00
517,0.944,0.0,0.887,2023-01-22 13:00:00
518,0.002,0.0,0.504,2023-01-22 14:00:00
519,0.0,0.0,0.353,2023-01-22 15:00:00
520,1.355,0.0,0.09,2023-01-22 16:00:00
521,0.582,0.0,0.0,2023-01-22 17:00:00
522,1.569,0.0,0.0,2023-01-22 18:00:00
523,1.84,0.0,0.0,2023-01-22 19:00:00
524,0.55,0.0,0.0,2023-01-22 20:00:00
525,0.385,0.0,0.0,2023-01-22 21:00:00
526,0.0,0.342,0.0,2023-01-22 22:00:00
527,0.0,0.465,0.0,2023-01-22 23:00:00
528,0.0,0.455,0.0,2023-01-23 00:00:00
529,0.0,0.305,0.0,2023-01-23 01:00:00
530,0.0,0.348,0.0,2023-01-23 02:00:00
531,0.0,0.332,0.0,2023-01-23 03:00:00
532,0.0,0.285,0.0,2023-01-23 04:00:00
533,0.0,0.301,0.0,2023-01-23 05:00:00
534,0.0,0.275,0.0,2023-01-23 06:00:00
535,0.0,1.683,0.0,2023-01-23 07:00:00
536,0.23,0.0,0.133,2023-01-23 08:00:00
537,0.0,0.0,0.299,2023-01-23 09:00:00
538,0.0,0.0,0.294,2023-01-23 10:00:00
539,0.0,0.0,0.3,2023-01-23 11:00:00
540,0.0,0.0,0.301,2023-01-23 12:00:00
541,0.0,0.0,0.37,2023-01-23 13:00:00
542,0.0,0.0,0.295,2023-01-23 14:00:00
543,0.0,0.0,0.307,2023-01-23 15:00:00
544,0.152,0.0,0.136,2023-01-23 16:00:00
545,0.453,0.0,0.001,2023-01-23 17:00:00
546,0.368,0.0,0.0,2023-01-23 18:00:00
547,1.346,0.0,0.0,2023-01-23 19:00:00
548,0.444,0.0,0.0,2023-01-23 20:00:00
549,0.369,0.0,0.0,2023-01-23 21:00:00
550,0.0,0.419,0.0,2023-01-23 22:00:00
551,0.0,0.31,0.0,2023-01-23 23:00:00
552,0.0,0.351,0.0,2023-01-24 00:00:00
553,0.0,0.376,0.0,2023-01-24 01:00:00
554,0.0,0.373,0.0,2023-01-24 02:00:00
555,0.0,0.351,0.0,2023-01-24 03:00:00
556,0.0,0.361,0.0,2023-01-24 04:00:00
557,0.0,0.339,0.0,2023-01-24 05:00:00
558,0.0,0.362,0.0,2023-01-24 06:00:00
559,0.0,1.157,0.0,2023-01-24 07:00:00
560,0.291,0.0,0.171,2023-01-24 08:00:00
561,0.0,0.0,0.305,2023-01-24 09:00:00
562,0.0,0.0,0.355,2023-01-24 10:00:00
563,0.0,0.0,0.347,2023-01-24 11:00:00
564,0.0,0.0,0.358,2023-01-24 12:00:00
565,0.0,0.0,0.364,2023-01-24 13:00:00
566,0.0,0.0,0.341,2023-01-24 14:00:00
567,0.0,0.0,0.356,2023-01-24 15:00:00
568,0.185,0.0,0.149,2023-01-24 16:00:00
569,0.534,0.0,0.001,2023-01-24 17:00:00
570,2.337,0.0,0.0,2023-01-24 18:00:00
571,2.198,0.0,0.0,2023-01-24 19:00:00
572,0.647,0.0,0.0,2023-01-24 20:00:00
573,0.516,0.0,0.0,2023-01-24 21:00:00
574,0.0,0.469,0.0,2023-01-24 22:00:00
575,0.0,0.418,0.0,2023-01-24 23:00:00
576,0.0,0.394,0.0,2023-01-25 00:00:00
577,0.0,0.378,0.0,2023-01-25 01:00:00
578,0.0,0.307,0.0,2023-01-25 02:00:00
579,0.0,0.327,0.0,2023-01-25 03:00:00
580,0.0,0.295,0.0,2023-01-25 04:00:00
581,0.0,0.328,0.0,2023-01-25 05:00:00
582,0.0,0.277,0.0,2023-01-25 06:00:00
583,0.0,1.083,0.0,2023-01-25 07:00:00
584,0.273,0.0,0.137,2023-01-25 08:00:00
585,0.0,0.0,0.287,2023-01-25 09:00:00
586,0.0,0.0,0.31,2023-01-25 10:00:00
587,0.298,0.0,0.613,2023-01-25 11:00:00
588,0.405,0.0,0.648,2023-01-25 12:00:00
589,0.0,0.0,0.277,2023-01-25 13:00:00
590,0.023,0.0,0.581,2023-01-25 14:00:00
591,0.155,0.0,0.401,2023-01-25 15:00:00
592,0.176,0.0,0.155,2023-01-25 16:00:00
593,0.308,0.0,0.003,2023-01-25 17:00:00
594,0.564,0.0,0.0,2023-01-25 18:00:00
595,0.741,0.0,0.0,2023-01-25 19:00:00
596,1.811,0.0,0.0,2023-01-25 20:00:00
597,0.539,0.0,0.0,2023-01-25 21:00:00
598,0.0,0.401,0.0,2023-01-25 22:00:00
599,0.0,0.424,0.0,2023-01-25 23:00:00
600,0.0,0.407,0.0,2023-01-26 00:00:00
601,0.0,0.394,0.0,2023-01-26 01:00:00
602,0.0,0.311,0.0,2023-01-26 02:00:00
603,0.0,0.305,0.0,2023-01-26 03:00:00
604,0.0,0.326,0.0,2023-01-26 04:00:00
605,0.0,0.287,0.0,2023-01-26 05:00:00
606,0.0,0.309,0.0,2023-01-26 06:00:00
607,0.0,1.236,0.0,2023-01-26 07:00:00
608,0.333,0.0,0.039,2023-01-26 08:00:00
609,0.0,0.0,0.293,2023-01-26 09:00:00
610,0.0,0.0,0.295,2023-01-26 10:00:00
611,0.0,0.0,0.309,2023-01-26 11:00:00
612,0.212,0.0,0.376,2023-01-26 12:00:00
613,0.007,0.0,0.29,2023-01-26 13:00:00
614,0.392,0.0,0.314,2023-01-26 14:00:00
615,0.056,0.0,0.238,2023-01-26 15:00:00
616,0.606,0.0,0.169,2023-01-26 16:00:00
617,1.479,0.0,0.003,2023-01-26 17:00:00
618,1.577,0.0,0.0,2023-01-26 18:00:00
619,1.055,0.0,0.0,2023-01-26 19:00:00
620,0.564,0.0,0.0,2023-01-26 20:00:00
621,0.721,0.0,0.0,2023-01-26 21:00:00
622,0.0,0.595,0.0,2023-01-26 22:00:00
623,0.0,0.507,0.0,2023-01-26 23:00:00
624,0.0,0.524,0.0,2023-01-27 00:00:00
625,0.0,0.556,0.0,2023-01-27 01:00:00
626,0.0,0.57,0.0,2023-01-27 02:00:00
627,0.0,0.421,0.0,2023-01-27 03:00:00
628,0.0,0.308,0.0,2023-01-27 04:00:00
629,0.0,0.29,0.0,2023-01-27 05:00:00
630,0.0,0.305,0.0,2023-01-27 06:00:00
631,0.0,0.893,0.0,2023-01-27 07:00:00
632,0.313,0.0,0.173,2023-01-27 08:00:00
633,0.0,0.0,0.299,2023-01-27 09:00:00
634,0.0,0.0,0.303,2023-01-27 10:00:00
635,0.0,0.0,0.316,2023-01-27 11:00:00
636,0.001,0.0,0.596,2023-01-27 12:00:00
637,0.063,0.0,0.474,2023-01-27 13:00:00
638,0.046,0.0,0.401,2023-01-27 14:00:00
639,0.481,0.0,0.44,2023-01-27 15:00:00
640,0.273,0.0,0.185,2023-01-27 16:00:00
641,0.458,0.0,0.009,2023-01-27 17:00:00
642,0.493,0.0,0.0,2023-01-27 18:00:00
643,0.506,0.0,0.0,2023-01-27 19:00:00
644,0.612,0.0,0.0,2023-01-27 20:00:00
645,0.571,0.0,0.0,2023-01-27 21:00:00
646,0.0,0.578,0.0,2023-01-27 22:00:00
647,0.0,0.494,0.0,2023-01-27 23:00:00
648,0.0,0.595,0.0,2023-01-28 00:00:00
649,0.0,0.37,0.0,2023-01-28 01:00:00
650,0.0,0.316,0.0,2023-01-28 02:00:00
651,0.0,0.315,0.0,2023-01-28 03:00:00
652,0.0,0.3,0.0,2023-01-28 04:00:00
653,0.0,0.318,0.0,2023-01-28 05:00:00
654,0.0,1.018,0.0,2023-01-28 06:00:00
655,0.0,1.364,0.0,2023-01-28 07:00:00
656,0.124,0.0,0.179,2023-01-28 08:00:00
657,0.062,0.0,0.444,2023-01-28 09:00:00
658,0.11,0.0,0.459,2023-01-28 10:00:00
659,0.213,0.0,0.652,2023-01-28 11:00:00
660,0.0,0.0,0.315,2023-01-28 12:00:00
661,0.0,0.0,0.305,2023-01-28 13:00:00
662,0.758,0.0,0.408,2023-01-28 14:00:00
663,1.328,0.0,0.544,2023-01-28 15:00:00
664,0.478,0.0,0.182,2023-01-28 16:00:00
665,0.553,0.0,0.002,2023-01-28 17:00:00
666,0.902,0.0,0.0,2023-01-28 18:00:00
667,2.183,0.0,0.0,2023-01-28 19:00:00
668,1.155,0.0,0.0,2023-01-28 20:00:00
669,0.71,0.0,0.0,2023-01-28 21:00:00
670,0.0,1.683,0.0,2023-01-28 22:00:00
671,0.0,0.916,0.0,2023-01-28 23:00:00
672,0.0,0.557,0.0,2023-01-29 00:00:00
673,0.0,0.41,0.0,2023-01-29 01:00:00
674,0.0,0.325,0.0,2023-01-29 02:00:00
675,0.0,0.331,0.0,2023-01-29 03:00:00
676,0.0,0.366,0.0,2023-01-29 04:00:00
677,0.0,0.321,0.0,2023-01-29 05:00:00
678,0.0,0.306,0.0,2023-01-29 06:00:00
679,0.0,1.177,0.0,2023-01-29 07:00:00
680,0.222,0.0,0.176,2023-01-29 08:00:00
681,0.13,0.0,0.437,2023-01-29 09:00:00
682,0.657,0.0,0.749,2023-01-29 10:00:00
683,0.022,0.0,0.606,2023-01-29 11:00:00
684,0.794,0.0,0.995,2023-01-29 12:00:00
685,0.0,0.0,0.587,2023-01-29 13:00:00
686,0.615,0.0,0.448,2023-01-29 14:00:00
687,0.469,0.0,0.505,2023-01-29 15:00:00
688,3.381,0.0,0.192,2023-01-29 16:00:00
689,1.893,0.0,0.002,2023-01-29 17:00:00
690,0.659,0.0,0.0,2023-01-29 18:00:00
691,0.568,0.0,0.0,2023-01-29 19:00:00
692,1.097,0.0,0.0,2023-01-29 20:00:00
693,1.375,0.0,0.0,2023-01-29 21:00:00
694,0.0,1.643,0.0,2023-01-29 22:00:00
695,0.0,1.656,0.0,2023-01-29 23:00:00
696,0.0,0.557,0.0,2023-01-30 00:00:00
697,0.0,0.446,0.0,2023-01-30 01:00:00
698,0.0,0.305,0.0,2023-01-30 02:00:00
699,0.0,0.29,0.0,2023-01-30 03:00:00
700,0.0,0.313,0.0,2023-01-30 04:00:00
701,0.0,0.288,0.0,2023-01-30 05:00:00
702,0.0,0.313,0.0,2023-01-30 06:00:00
703,0.0,2.207,0.0,2023-01-30 07:00:00
704,0.321,0.0,0.191,2023-01-30 08:00:00
705,0.0,0.0,0.362,2023-01-30 09:00:00
706,0.407,0.0,0.446,2023-01-30 10:00:00
707,1.307,0.0,0.833,2023-01-30 11:00:00
708,0.1,0.0,0.476,2023-01-30 12:00:00
709,0.0,0.0,0.302,2023-01-30 13:00:00
710,0.302,0.0,0.602,2023-01-30 14:00:00
711,0.0,0.0,0.371,2023-01-30 15:00:00
712,0.168,0.0,0.191,2023-01-30 16:00:00
713,0.275,0.0,0.005,2023-01-30 17:00:00
714,0.698,0.0,0.0,2023-01-30 18:00:00
715,1.087,0.0,0.0,2023-01-30 19:00:00
716,0.468,0.0,0.0,2023-01-30 20:00:00
717,0.443,0.0,0.0,2023-01-30 21:00:00
718,0.0,0.496,0.0,2023-01-30 22:00:00
719,0.0,0.579,0.0,2023-01-30 23:00:00
720,0.0,0.573,0.0,2023-01-31 00:00:00
721,0.0,0.504,0.0,2023-01-31 01:00:00
722,0.0,0.317,0.0,2023-01-31 02:00:00
723,0.0,0.322,0.0,2023-01-31 03:00:00
724,0.0,0.297,0.0,2023-01-31 04:00:00
725,0.0,0.3,0.0,2023-01-31 05:00:00
726,0.0,0.302,0.0,2023-01-31 06:00:00
727,0.0,0.84,0.0,2023-01-31 07:00:00
728,0.174,0.0,0.184,2023-01-31 08:00:00
729,0.0,0.0,0.28,2023-01-31 09:00:00
730,0.0,0.0,0.283,2023-01-31 10:00:00
731,0.617,0.0,0.849,2023-01-31 11:00:00
732,0.0,0.0,0.379,2023-01-31 12:00:00
733,0.0,0.0,0.295,2023-01-31 13:00:00
734,0.488,0.0,0.504,2023-01-31 14:00:00
735,0.949,0.0,0.531,2023-01-31 15:00:00
736,0.9,0.0,0.188,2023-01-31 16:00:00
737,0.279,0.0,0.007,2023-01-31 17:00:00
738,0.627,0.0,0.0,2023-01-31 18:00:00
739,2.782,0.0,0.0,2023-01-31 19:00:00
740,0.716,0.0,0.0,2023-01-31 20:00:00
741,0.642,0.0,0.0,2023-01-31 21:00:00
742,0.0,1.635,0.0,2023-01-31 22:00:00
743,0.0,1.706,0.0,2023-01-31 23:00:00
744,0.0,1.65,0.0,2023-02-01 00:00:00
745,0.0,0.585,0.0,2023-02-01 01:00:00
746,0.0,0.394,0.0,2023-02-01 02:00:00
747,0.0,0.325,0.0,2023-02-01 03:00:00
748,0.0,0.289,0.0,2023-02-01 04:00:00
749,0.0,0.299,0.0,2023-02-01 05:00:00
750,0.0,1.803,0.0,2023-02-01 06:00:00
751,0.0,1.476,0.0,2023-02-01 07:00:00
752,0.195,0.0,0.191,2023-02-01 08:00:00
753,0.0,0.0,0.29,2023-02-01 09:00:00
754,0.0,0.0,0.308,2023-02-01 10:00:00
755,0.0,0.0,0.286,2023-02-01 11:00:00
756,0.121,0.0,0.536,2023-02-01 12:00:00
757,0.0,0.0,0.308,2023-02-01 13:00:00
758,0.284,0.0,0.514,2023-02-01 14:00:00
759,0.0,0.0,0.409,2023-02-01 15:00:00
760,0.712,0.0,0.209,2023-02-01 16:00:00
761,0.359,0.0,0.003,2023-02-01 17:00:00
762,1.622,0.0,0.0,2023-02-01 18:00:00
763,1.159,0.0,0.0,2023-02-01 19:00:00
764,0.703,0.0,0.0,2023-02-01 20:00:00
765,0.823,0.0,0.0,2023-02-01 21:00:00
766,0.0,0.642,0.0,2023-02-01 22:00:00
767,0.0,0.633,0.0,2023-02-01 23:00:00
768,0.0,0.623,0.0,2023-02-02 00:00:00
769,0.0,0.635,0.0,2023-02-02 01:00:00
770,0.0,0.612,0.0,2023-02-02 02:00:00
771,0.0,0.444,0.0,2023-02-02 03:00:00
772,0.0,0.338,0.0,2023-02-02 04:00:00
773,0.0,0.341,0.0,2023-02-02 05:00:00
774,0.0,0.355,0.0,2023-02-02 06:00:00
775,0.0,1.339,0.0,2023-02-02 07:00:00
776,0.268,0.0,0.203,2023-02-02 08:00:00
777,0.135,0.0,0.426,2023-02-02 09:00:00
778,0.272,0.0,0.554,2023-02-02 10:00:00
779,0.0,0.0,0.338,2023-02-02 11:00:00
780,0.229,0.0,0.531,2023-02-02 12:00:00
781,0.0,0.0,0.33,2023-02-02 13:00:00
782,0.132,0.0,0.462,2023-02-02 14:00:00
783,0.0,0.0,0.414,2023-02-02 15:00:00
784,0.175,0.0,0.201,2023-02-02 16:00:00
785,0.368,0.0,0.007,2023-02-02 17:00:00
786,1.621,0.0,0.0,2023-02-02 18:00:00
787,1.397,0.0,0.0,2023-02-02 19:00:00
788,1.272,0.0,0.0,2023-02-02 20:00:00
789,1.972,0.0,0.0,2023-02-02 21:00:00
790,0.0,1.831,0.0,2023-02-02 22:00:00
791,0.0,1.76,0.0,2023-02-02 23:00:00
792,0.0,1.801,0.0,2023-02-03 00:00:00
793,0.0,1.416,0.0,2023-02-03 01:00:00
794,0.0,0.612,0.0,2023-02-03 02:00:00
795,0.0,0.86,0.0,2023-02-03 03:00:00
796,0.0,0.337,0.0,2023-02-03 04:00:00
797,0.0,0.309,0.0,2023-02-03 05:00:00
798,0.0,0.285,0.0,2023-02-03 06:00:00
799,0.0,0.812,0.0,2023-02-03 07:00:00
800,1.09,0.0,0.217,2023-02-03 08:00:00
801,0.0,0.0,0.358,2023-02-03 09:00:00
802,0.0,0.0,0.377,2023-02-03 10:00:00
803,0.089,0.0,0.551,2023-02-03 11:00:00
804,0.0,0.0,0.337,2023-02-03 12:00:00
805,0.0,0.0,0.314,2023-02-03 13:00:00
806,0.0,0.0,0.313,2023-02-03 14:00:00
807,0.0,0.0,0.324,2023-02-03 15:00:00
808,1.065,0.0,0.182,2023-02-03 16:00:00
809,2.764,0.0,0.008,2023-02-03 17:00:00
810,1.273,0.0,0.0,2023-02-03 18:00:00
811,0.57,0.0,0.0,2023-02-03 19:00:00
812,1.068,0.0,0.0,2023-02-03 20:00:00
813,0.853,0.0,0.0,2023-02-03 21:00:00
814,0.0,0.666,0.0,2023-02-03 22:00:00
815,0.0,0.6,0.0,2023-02-03 23:00:00
816,0.0,0.506,0.0,2023-02-04 00:00:00
817,0.0,0.473,0.0,2023-02-04 01:00:00
818,0.0,0.309,0.0,2023-02-04 02:00:00
819,0.0,0.375,0.0,2023-02-04 03:00:00
820,0.0,0.32,0.0,2023-02-04 04:00:00
821,0.0,0.29,0.0,2023-02-04 05:00:00
822,0.0,0.294,0.0,2023-02-04 06:00:00
823,0.0,0.306,0.0,2023-02-04 07:00:00
824,0.094,0.0,0.201,2023-02-04 08:00:00
825,0.531,0.0,0.51,2023-02-04 09:00:00
826,0.0,0.0,0.362,2023-02-04 10:00:00
827,0.2,0.0,0.733,2023-02-04 11:00:00
828,0.38,0.0,0.867,2023-02-04 12:00:00
829,0.014,0.0,0.456,2023-02-04 13:00:00
830,0.917,0.0,0.691,2023-02-04 14:00:00
831,0.0,0.0,0.361,2023-02-04 15:00:00
832,0.157,0.0,0.204,2023-02-04 16:00:00
833,1.409,0.0,0.009,2023-02-04 17:00:00
834,0.669,0.0,0.0,2023-02-04 18:00:00
835,0.628,0.0,0.0,2023-02-04 19:00:00
836,0.519,0.0,0.0,2023-02-04 20:00:00
837,0.45,0.0,0.0,2023-02-04 21:00:00
838,0.0,0.539,0.0,2023-02-04 22:00:00
839,0.0,0.814,0.0,2023-02-04 23:00:00
840,0.0,0.493,0.0,2023-02-05 00:00:00
841,0.0,0.368,0.0,2023-02-05 01:00:00
842,0.0,0.3,0.0,2023-02-05 02:00:00
843,0.0,0.314,0.0,2023-02-05 03:00:00
844,0.0,0.297,0.0,2023-02-05 04:00:00
845,0.0,0.311,0.0,2023-02-05 05:00:00
846,0.0,0.3,0.0,2023-02-05 06:00:00
847,0.0,0.306,0.0,2023-02-05 07:00:00
848,0.119,0.0,0.211,2023-02-05 08:00:00
849,0.0,0.0,0.296,2023-02-05 09:00:00
850,0.0,0.0,0.318,2023-02-05 10:00:00
851,0.986,0.0,0.962,2023-02-05 11:00:00
852,1.31,0.0,0.981,2023-02-05 12:00:00
853,0.0,0.0,0.655,2023-02-05 13:00:00
854,0.92,0.0,0.793,2023-02-05 14:00:00
855,2.255,0.0,0.567,2023-02-05 15:00:00
856,0.378,0.0,0.238,2023-02-05 16:00:00
857,0.405,0.0,0.006,2023-02-05 17:00:00
858,1.083,0.0,0.0,2023-02-05 18:00:00
859,1.091,0.0,0.0,2023-02-05 19:00:00
860,1.165,0.0,0.0,2023-02-05 20:00:00
861,0.55,0.0,0.0,2023-02-05 21:00:00
862,0.0,0.447,0.0,2023-02-05 22:00:00
863,0.0,1.177,0.0,2023-02-05 23:00:00
864,0.0,1.818,0.0,2023-02-06 00:00:00
865,0.0,1.639,0.0,2023-02-06 01:00:00
866,0.0,1.479,0.0,2023-02-06 02:00:00
867,0.0,0.362,0.0,2023-02-06 03:00:00
868,0.0,0.348,0.0,2023-02-06 04:00:00
869,0.0,0.348,0.0,2023-02-06 05:00:00
870,0.0,0.352,0.0,2023-02-06 06:00:00
871,0.0,1.538,0.0,2023-02-06 07:00:00
872,0.272,0.0,0.236,2023-02-06 08:00:00
873,0.0,0.0,0.334,2023-02-06 09:00:00
874,0.0,0.0,0.301,2023-02-06 10:00:00
875,0.0,0.0,0.272,2023-02-06 11:00:00
876,0.0,0.0,0.31,2023-02-06 12:00:00
877,0.0,0.0,0.286,2023-02-06 13:00:00
878,0.453,0.0,0.447,2023-02-06 14:00:00
879,0.087,0.0,0.429,2023-02-06 15:00:00
880,0.178,0.0,0.231,2023-02-06 16:00:00
881,0.372,0.0,0.009,2023-02-06 17:00:00
882,1.32,0.0,0.0,2023-02-06 18:00:00
883,0.875,0.0,0.0,2023-02-06 19:00:00
884,0.444,0.0,0.0,2023-02-06 20:00:00
885,0.552,0.0,0.0,2023-02-06 21:00:00
886,0.0,0.628,0.0,2023-02-06 22:00:00
887,0.0,0.705,0.0,2023-02-06 23:00:00
888,0.0,1.195,0.0,2023-02-07 00:00:00
889,0.0,1.352,0.0,2023-02-07 01:00:00
890,0.0,0.3,0.0,2023-02-07 02:00:00
891,0.0,0.317,0.0,2023-02-07 03:00:00
892,0.0,0.297,0.0,2023-02-07 04:00:00
893,0.0,0.308,0.0,2023-02-07 05:00:00
894,0.0,0.303,0.0,2023-02-07 06:00:00
895,0.0,0.848,0.0,2023-02-07 07:00:00
896,0.305,0.0,0.223,2023-02-07 08:00:00
897,0.0,0.0,0.292,2023-02-07 09:00:00
898,0.0,0.0,0.318,2023-02-07 10:00:00
899,0.0,0.0,0.297,2023-02-07 11:00:00
900,0.357,0.0,0.664,2023-02-07 12:00:00
901,0.0,0.0,0.311,2023-02-07 13:00:00
902,0.299,0.0,0.506,2023-02-07 14:00:00
903,0.0,0.0,0.416,2023-02-07 15:00:00
904,0.174,0.0,0.233,2023-02-07 16:00:00
905,0.431,0.0,0.01,2023-02-07 17:00:00
906,0.583,0.0,0.0,2023-02-07 18:00:00
907,1.16,0.0,0.0,2023-02-07 19:00:00
908,0.818,0.0,0.0,2023-02-07 20:00:00
909,1.258,0.0,0.0,2023-02-07 21:00:00
910,0.0,1.824,0.0,2023-02-07 22:00:00
911,0.0,1.823,0.0,2023-02-07 23:00:00
912,0.0,1.82,0.0,2023-02-08 00:00:00
913,0.0,1.778,0.0,2023-02-08 01:00:00
914,0.0,1.02,0.0,2023-02-08 02:00:00
915,0.0,0.478,0.0,2023-02-08 03:00:00
916,0.0,0.297,0.0,2023-02-08 04:00:00
917,0.0,0.336,0.0,2023-02-08 05:00:00
918,0.0,0.336,0.0,2023-02-08 06:00:00
919,0.0,1.141,0.0,2023-02-08 07:00:00
920,0.372,0.0,0.024,2023-02-08 08:00:00
921,0.106,0.0,0.156,2023-02-08 09:00:00
922,0.006,0.0,0.268,2023-02-08 10:00:00
923,0.035,0.0,0.483,2023-02-08 11:00:00
924,0.743,0.0,0.704,2023-02-08 12:00:00
925,0.0,0.0,0.31,2023-02-08 13:00:00
926,0.351,0.0,0.436,2023-02-08 14:00:00
927,0.072,0.0,0.396,2023-02-08 15:00:00
928,1.219,0.0,0.258,2023-02-08 16:00:00
929,2.186,0.0,0.006,2023-02-08 17:00:00
930,1.252,0.0,0.0,2023-02-08 18:00:00
931,0.79,0.0,0.0,2023-02-08 19:00:00
932,0.435,0.0,0.0,2023-02-08 20:00:00
933,0.338,0.0,0.0,2023-02-08 21:00:00
934,0.0,0.68,0.0,2023-02-08 22:00:00
935,0.0,0.587,0.0,2023-02-08 23:00:00
936,0.0,0.471,0.0,2023-02-09 00:00:00
937,0.0,0.371,0.0,2023-02-09 01:00:00
938,0.0,0.356,0.0,2023-02-09 02:00:00
939,0.0,0.316,0.0,2023-02-09 03:00:00
940,0.0,0.286,0.0,2023-02-09 04:00:00
941,0.0,0.282,0.0,2023-02-09 05:00:00
942,0.0,0.31,0.0,2023-02-09 06:00:00
943,0.0,0.729,0.0,2023-02-09 07:00:00
944,0.181,0.0,0.227,2023-02-09 08:00:00
945,0.0,0.0,0.298,2023-02-09 09:00:00
946,0.401,0.0,0.764,2023-02-09 10:00:00
947,0.52,0.0,0.673,2023-02-09 11:00:00
948,0.0,0.0,0.299,2023-02-09 12:00:00
949,0.0,0.0,0.305,2023-02-09 13:00:00
950,0.0,0.0,0.423,2023-02-09 14:00:00
951,0.0,0.0,0.343,2023-02-09 15:00:00
952,0.211,0.0,0.265,2023-02-09 16:00:00
953,1.353,0.0,0.01,2023-02-09 17:00:00
954,2.506,0.0,0.0,2023-02-09 18:00:00
955,2.948,0.0,0.0,2023-02-09 19:00:00
956,0.984,0.0,0.0,2023-02-09 20:00:00
957,1.513,0.0,0.0,2023-02-09 21:00:00
958,0.0,1.141,0.0,2023-02-09 22:00:00
959,0.0,1.703,0.0,2023-02-09 23:00:00
960,0.0,0.84,0.0,2023-02-10 00:00:00
961,0.0,0.538,0.0,2023-02-10 01:00:00
962,0.0,0.501,0.0,2023-02-10 02:00:00
963,0.0,0.494,0.0,2023-02-10 03:00:00
964,0.0,0.357,0.0,2023-02-10 04:00:00
965,0.0,0.304,0.0,2023-02-10 05:00:00
966,0.0,0.307,0.0,2023-02-10 06:00:00
967,0.0,1.109,0.0,2023-02-10 07:00:00
968,0.233,0.0,0.224,2023-02-10 08:00:00
969,0.0,0.0,0.305,2023-02-10 09:00:00
970,0.386,0.0,0.687,2023-02-10 10:00:00
971,0.249,0.0,0.533,2023-02-10 11:00:00
972,0.287,0.0,0.623,2023-02-10 12:00:00
973,0.0,0.0,0.287,2023-02-10 13:00:00
974,0.0,0.0,0.32,2023-02-10 14:00:00
975,0.0,0.0,0.33,2023-02-10 15:00:00
976,0.086,0.0,0.249,2023-02-10 16:00:00
977,0.305,0.0,0.013,2023-02-10 17:00:00
978,0.564,0.0,0.0,2023-02-10 18:00:00
979,1.442,0.0,0.0,2023-02-10 19:00:00
980,0.318,0.0,0.0,2023-02-10 20:00:00
981,0.36,0.0,0.0,2023-02-10 21:00:00
982,0.0,0.512,0.0,2023-02-10 22:00:00
983,0.0,0.509,0.0,2023-02-10 23:00:00
984,0.0,0.482,0.0,2023-02-11 00:00:00
985,0.0,0.504,0.0,2023-02-11 01:00:00
986,0.0,0.375,0.0,2023-02-11 02:00:00
987,0.0,0.341,0.0,2023-02-11 03:00:00
988,0.0,0.325,0.0,2023-02-11 04:00:00
989,0.0,0.329,0.0,2023-02-11 05:00:00
990,0.0,0.301,0.0,2023-02-11 06:00:00
991,0.0,1.081,0.0,2023-02-11 07:00:00
992,0.162,0.0,0.228,2023-02-11 08:00:00
993,0.0,0.0,0.298,2023-02-11 09:00:00
994,0.0,0.0,0.31,2023-02-11 10:00:00
995,0.719,0.0,0.849,2023-02-11 11:00:00
996,0.073,0.0,0.857,2023-02-11 12:00:00
997,0.338,0.0,0.9,2023-02-11 13:00:00
998,0.159,0.0,0.644,2023-02-11 14:00:00
999,0.01,0.0,0.496,2023-02-11 15:00:00
1000,0.434,0.0,0.242,2023-02-11 16:00:00
1001,0.596,0.0,0.004,2023-02-11 17:00:00
1002,0.566,0.0,0.0,2023-02-11 18:00:00
1003,0.977,0.0,0.0,2023-02-11 19:00:00
1004,0.393,0.0,0.0,2023-02-11 20:00:00
1005,0.465,0.0,0.0,2023-02-11 21:00:00
1006,0.0,1.345,0.0,2023-02-11 22:00:00
1007,0.0,0.496,0.0,2023-02-11 23:00:00
1008,0.0,0.599,0.0,2023-02-12 00:00:00
1009,0.0,0.494,0.0,2023-02-12 01:00:00
1010,0.0,0.352,0.0,2023-02-12 02:00:00
1011,0.0,0.36,0.0,2023-02-12 03:00:00
1012,0.0,0.338,0.0,2023-02-12 04:00:00
1013,0.0,0.605,0.0,2023-02-12 05:00:00
1014,0.0,1.04,0.0,2023-02-12 06:00:00
1015,0.0,0.391,0.002,2023-02-12 07:00:00
1016,0.087,0.0,0.248,2023-02-12 08:00:00
1017,0.017,0.0,0.436,2023-02-12 09:00:00
1018,0.625,0.0,0.791,2023-02-12 10:00:00
1019,0.03,0.0,0.695,2023-02-12 11:00:00
1020,0.386,0.0,0.718,2023-02-12 12:00:00
1021,0.077,0.0,0.337,2023-02-12 13:00:00
1022,0.0,0.0,0.294,2023-02-12 14:00:00
1023,0.44,0.0,0.206,2023-02-12 15:00:00
1024,1.742,0.0,0.08,2023-02-12 16:00:00
1025,1.619,0.0,0.014,2023-02-12 17:00:00
1026,0.578,0.0,0.0,2023-02-12 18:00:00
1027,1.861,0.0,0.0,2023-02-12 19:00:00
1028,1.039,0.0,0.0,2023-02-12 20:00:00
1029,0.537,0.0,0.0,2023-02-12 21:00:00
1030,0.0,1.115,0.0,2023-02-12 22:00:00
1031,0.0,2.7,0.0,2023-02-12 23:00:00
1032,0.0,2.029,0.0,2023-02-13 00:00:00
1033,0.0,0.431,0.0,2023-02-13 01:00:00
1034,0.0,0.383,0.0,2023-02-13 02:00:00
1035,0.0,0.34,0.0,2023-02-13 03:00:00
1036,0.0,0.328,0.0,2023-02-13 04:00:00
1037,0.0,0.313,0.0,2023-02-13 05:00:00
1038,0.0,0.315,0.0,2023-02-13 06:00:00
1039,0.0,1.475,0.0,2023-02-13 07:00:00
1040,0.506,0.0,0.066,2023-02-13 08:00:00
1041,0.122,0.0,0.185,2023-02-13 09:00:00
1042,0.03,0.0,0.272,2023-02-13 10:00:00
1043,0.0,0.0,0.296,2023-02-13 11:00:00
1044,0.0,0.0,0.315,2023-02-13 12:00:00
1045,0.0,0.0,0.292,2023-02-13 13:00:00
1046,0.0,0.0,0.3,2023-02-13 14:00:00
1047,0.0,0.0,0.399,2023-02-13 15:00:00
1048,0.126,0.0,0.27,2023-02-13 16:00:00
1049,0.376,0.0,0.025,2023-02-13 17:00:00
1050,1.585,0.0,0.0,2023-02-13 18:00:00
1051,2.533,0.0,0.0,2023-02-13 19:00:00
1052,1.498,0.0,0.0,2023-02-13 20:00:00
1053,1.158,0.0,0.0,2023-02-13 21:00:00
1054,0.0,1.171,0.0,2023-02-13 22:00:00
1055,0.0,0.907,0.0,2023-02-13 23:00:00
1056,0.0,0.549,0.0,2023-02-14 00:00:00
1057,0.0,0.374,0.0,2023-02-14 01:00:00
1058,0.0,0.325,0.0,2023-02-14 02:00:00
1059,0.0,0.312,0.0,2023-02-14 03:00:00
1060,0.0,0.315,0.0,2023-02-14 04:00:00
1061,0.0,0.312,0.0,2023-02-14 05:00:00
1062,0.0,0.298,0.0,2023-02-14 06:00:00
1063,0.0,1.017,0.0,2023-02-14 07:00:00
1064,0.143,0.0,0.181,2023-02-14 08:00:00
1065,0.906,0.0,0.411,2023-02-14 09:00:00
1066,0.0,0.0,0.284,2023-02-14 10:00:00
1067,0.0,0.0,0.298,2023-02-14 11:00:00
1068,0.0,0.0,0.284,2023-02-14 12:00:00
1069,0.0,0.0,0.29,2023-02-14 13:00:00
1070,0.178,0.0,0.474,2023-02-14 14:00:00
1071,0.0,0.0,0.277,2023-02-14 15:00:00
1072,0.129,0.0,0.171,2023-02-14 16:00:00
1073,0.295,0.0,0.024,2023-02-14 17:00:00
1074,0.54,0.0,0.0,2023-02-14 18:00:00
1075,0.808,0.0,0.0,2023-02-14 19:00:00
1076,0.735,0.0,0.0,2023-02-14 20:00:00
1077,0.837,0.0,0.0,2023-02-14 21:00:00
1078,0.0,0.566,0.0,2023-02-14 22:00:00
1079,0.0,0.616,0.0,2023-02-14 23:00:00
1080,0.0,0.605,0.0,2023-02-15 00:00:00
1081,0.0,0.512,0.0,2023-02-15 01:00:00
1082,0.0,0.433,0.0,2023-02-15 02:00:00
1083,0.0,0.416,0.0,2023-02-15 03:00:00
1084,0.0,0.267,0.0,2023-02-15 04:00:00
1085,0.0,0.263,0.0,2023-02-15 05:00:00
1086,0.0,0.309,0.0,2023-02-15 06:00:00
1087,0.0,1.326,0.007,2023-02-15 07:00:00
1088,0.429,0.0,0.214,2023-02-15 08:00:00
1089,0.0,0.0,0.245,2023-02-15 09:00:00
1090,0.0,0.0,0.329,2023-02-15 10:00:00
1091,0.325,0.0,0.782,2023-02-15 11:00:00
1092,0.507,0.0,0.803,2023-02-15 12:00:00
1093,0.0,0.0,0.312,2023-02-15 13:00:00
1094,0.268,0.0,0.697,2023-02-15 14:00:00
1095,0.0,0.0,0.36,2023-02-15 15:00:00
1096,0.157,0.0,0.25,2023-02-15 16:00:00
1097,0.39,0.0,0.029,2023-02-15 17:00:00
1098,0.564,0.0,0.0,2023-02-15 18:00:00
1099,0.456,0.0,0.0,2023-02-15 19:00:00
1100,0.59,0.0,0.0,2023-02-15 20:00:00
1101,0.583,0.0,0.0,2023-02-15 21:00:00
1102,0.0,0.612,0.0,2023-02-15 22:00:00
1103,0.0,0.624,0.0,2023-02-15 23:00:00
1104,0.0,0.572,0.0,2023-02-16 00:00:00
1105,0.0,0.498,0.0,2023-02-16 01:00:00
1106,0.0,0.32,0.0,2023-02-16 02:00:00
1107,0.0,0.267,0.0,2023-02-16 03:00:00
1108,0.0,0.314,0.0,2023-02-16 04:00:00
1109,0.0,0.243,0.0,2023-02-16 05:00:00
1110,0.0,0.271,0.0,2023-02-16 06:00:00
1111,0.0,0.767,0.004,2023-02-16 07:00:00
1112,0.124,0.0,0.194,2023-02-16 08:00:00
1113,0.0,0.0,0.234,2023-02-16 09:00:00
1114,0.474,0.0,0.494,2023-02-16 10:00:00
1115,0.0,0.0,0.257,2023-02-16 11:00:00
1116,0.0,0.0,0.254,2023-02-16 12:00:00
1117,0.0,0.0,0.255,2023-02-16 13:00:00
1118,0.0,0.0,0.249,2023-02-16 14:00:00
1119,0.0,0.0,0.247,2023-02-16 15:00:00
1120,0.091,0.0,0.222,2023-02-16 16:00:00
1121,0.251,0.0,0.031,2023-02-16 17:00:00
1122,0.849,0.0,0.0,2023-02-16 18:00:00
1123,1.41,0.0,0.0,2023-02-16 19:00:00
1124,1.102,0.0,0.0,2023-02-16 20:00:00
1125,0.536,0.0,0.0,2023-02-16 21:00:00
1126,0.0,2.162,0.0,2023-02-16 22:00:00
1127,0.0,0.711,0.0,2023-02-16 23:00:00
1128,0.0,1.039,0.0,2023-02-17 00:00:00
1129,0.0,0.419,0.0,2023-02-17 01:00:00
1130,0.0,0.446,0.0,2023-02-17 02:00:00
1131,0.0,0.408,0.0,2023-02-17 03:00:00
1132,0.0,0.264,0.0,2023-02-17 04:00:00
1133,0.0,0.256,0.0,2023-02-17 05:00:00
1134,0.0,0.256,0.0,2023-02-17 06:00:00
1135,0.0,1.149,0.006,2023-02-17 07:00:00
1136,0.078,0.0,0.235,2023-02-17 08:00:00
1137,0.0,0.0,0.247,2023-02-17 09:00:00
1138,0.0,0.0,0.254,2023-02-17 10:00:00
1139,0.0,0.0,0.256,2023-02-17 11:00:00
1140,0.0,0.0,0.26,2023-02-17 12:00:00
1141,0.0,0.0,0.336,2023-02-17 13:00:00
1142,0.434,0.0,0.612,2023-02-17 14:00:00
1143,0.108,0.0,0.545,2023-02-17 15:00:00
1144,0.071,0.0,0.306,2023-02-17 16:00:00
1145,0.233,0.0,0.026,2023-02-17 17:00:00
1146,0.345,0.0,0.0,2023-02-17 18:00:00
1147,0.403,0.0,0.0,2023-02-17 19:00:00
1148,0.429,0.0,0.0,2023-02-17 20:00:00
1149,0.538,0.0,0.0,2023-02-17 21:00:00
1150,0.0,0.579,0.0,2023-02-17 22:00:00
1151,0.0,0.568,0.0,2023-02-17 23:00:00
1152,0.0,0.529,0.0,2023-02-18 00:00:00
1153,0.0,0.476,0.0,2023-02-18 01:00:00
1154,0.0,0.421,0.0,2023-02-18 02:00:00
1155,0.0,0.275,0.0,2023-02-18 03:00:00
1156,0.0,0.268,0.0,2023-02-18 04:00:00
1157,0.0,0.265,0.0,2023-02-18 05:00:00
1158,0.0,1.387,0.0,2023-02-18 06:00:00
1159,0.0,0.481,0.005,2023-02-18 07:00:00
1160,0.016,0.0,0.238,2023-02-18 08:00:00
1161,0.0,0.0,0.26,2023-02-18 09:00:00
1162,0.222,0.0,0.564,2023-02-18 10:00:00
1163,1.301,0.0,0.954,2023-02-18 11:00:00
1164,2.131,0.0,0.995,2023-02-18 12:00:00
1165,0.004,0.0,0.584,2023-02-18 13:00:00
1166,0.86,0.0,0.448,2023-02-18 14:00:00
1167,0.024,0.0,0.282,2023-02-18 15:00:00
1168,0.237,0.0,0.18,2023-02-18 16:00:00
1169,0.843,0.0,0.02,2023-02-18 17:00:00
1170,0.883,0.0,0.0,2023-02-18 18:00:00
1171,0.514,0.0,0.0,2023-02-18 19:00:00
1172,0.643,0.0,0.0,2023-02-18 20:00:00
1173,0.601,0.0,0.0,2023-02-18 21:00:00
1174,0.0,0.586,0.0,2023-02-18 22:00:00
1175,0.0,0.582,0.0,2023-02-18 23:00:00
1176,0.0,1.6,0.0,2023-02-19 00:00:00
1177,0.0,0.541,0.0,2023-02-19 01:00:00
1178,0.0,0.344,0.0,2023-02-19 02:00:00
1179,0.0,0.357,0.0,2023-02-19 03:00:00
1180,0.0,0.3,0.0,2023-02-19 04:00:00
1181,0.0,0.332,0.0,2023-02-19 05:00:00
1182,0.0,0.328,0.0,2023-02-19 06:00:00
1183,0.0,0.348,0.011,2023-02-19 07:00:00
1184,0.103,0.0,0.211,2023-02-19 08:00:00
1185,0.19,0.0,0.282,2023-02-19 09:00:00
1186,0.0,0.0,0.331,2023-02-19 10:00:00
1187,0.224,0.0,0.514,2023-02-19 11:00:00
1188,1.068,0.0,0.976,2023-02-19 12:00:00
1189,0.297,0.0,0.54,2023-02-19 13:00:00
1190,0.423,0.0,0.498,2023-02-19 14:00:00
1191,0.781,0.0,0.249,2023-02-19 15:00:00
1192,0.146,0.0,0.235,2023-02-19 16:00:00
1193,0.245,0.0,0.062,2023-02-19 17:00:00
1194,0.472,0.0,0.0,2023-02-19 18:00:00
1195,0.968,0.0,0.0,2023-02-19 19:00:00
1196,0.705,0.0,0.0,2023-02-19 20:00:00
1197,0.573,0.0,0.0,2023-02-19 21:00:00
1198,0.0,0.484,0.0,2023-02-19 22:00:00
1199,0.0,0.524,0.0,2023-02-19 23:00:00
1200,0.0,0.52,0.0,2023-02-20 00:00:00
1201,0.0,0.443,0.0,2023-02-20 01:00:00
1202,0.0,0.274,0.0,2023-02-20 02:00:00
1203,0.0,0.312,0.0,2023-02-20 03:00:00
1204,0.0,0.256,0.0,2023-02-20 04:00:00
1205,0.0,0.244,0.0,2023-02-20 05:00:00
1206,0.0,0.25,0.0,2023-02-20 06:00:00
1207,0.0,1.045,0.0,2023-02-20 07:00:00
1208,0.484,0.0,0.046,2023-02-20 08:00:00
1209,0.134,0.0,0.123,2023-02-20 09:00:00
1210,0.027,0.0,0.242,2023-02-20 10:00:00
1211,0.109,0.0,0.286,2023-02-20 11:00:00
1212,0.993,0.0,0.475,2023-02-20 12:00:00
1213,0.0,0.0,0.243,2023-02-20 13:00:00
1214,0.01,0.0,0.228,2023-02-20 14:00:00
1215,0.073,0.0,0.166,2023-02-20 15:00:00
1216,0.18,0.0,0.064,2023-02-20 16:00:00
1217,0.254,0.0,0.004,2023-02-20 17:00:00
1218,0.333,0.0,0.0,2023-02-20 18:00:00
1219,0.42,0.0,0.0,2023-02-20 19:00:00
1220,0.534,0.0,0.0,2023-02-20 20:00:00
1221,0.601,0.0,0.0,2023-02-20 21:00:00
1222,0.0,0.594,0.0,2023-02-20 22:00:00
1223,0.0,0.561,0.0,2023-02-20 23:00:00
1224,0.0,0.569,0.0,2023-02-21 00:00:00
1225,0.0,0.561,0.0,2023-02-21 01:00:00
1226,0.0,0.509,0.0,2023-02-21 02:00:00
1227,0.0,0.494,0.0,2023-02-21 03:00:00
1228,0.0,0.491,0.0,2023-02-21 04:00:00
1229,0.0,0.422,0.0,2023-02-21 05:00:00
1230,0.0,0.264,0.0,2023-02-21 06:00:00
1231,0.0,0.262,0.003,2023-02-21 07:00:00
1232,0.21,0.0,0.052,2023-02-21 08:00:00
1233,0.183,0.0,0.158,2023-02-21 09:00:00
1234,0.212,0.0,0.196,2023-02-21 10:00:00
1235,0.01,0.0,0.361,2023-02-21 11:00:00
1236,0.617,0.0,0.345,2023-02-21 12:00:00
1237,0.536,0.0,0.085,2023-02-21 13:00:00
1238,0.308,0.0,0.227,2023-02-21 14:00:00
1239,0.354,0.0,0.209,2023-02-21 15:00:00
1240,0.422,0.0,0.064,2023-02-21 16:00:00
1241,0.464,0.0,0.013,2023-02-21 17:00:00
1242,0.533,0.0,0.0,2023-02-21 18:00:00
1243,2.77,0.0,0.0,2023-02-21 19:00:00
1244,1.482,0.0,0.0,2023-02-21 20:00:00
1245,0.715,0.0,0.0,2023-02-21 21:00:00
1246,0.0,0.56,0.0,2023-02-21 22:00:00
1247,0.0,0.738,0.0,2023-02-21 23:00:00
1248,0.0,0.427,0.0,2023-02-22 00:00:00
1249,0.0,0.236,0.0,2023-02-22 01:00:00
1250,0.0,0.385,0.0,2023-02-22 02:00:00
1251,0.0,0.32,0.0,2023-02-22 03:00:00
1252,0.0,0.242,0.0,2023-02-22 04:00:00
1253,0.0,0.247,0.0,2023-02-22 05:00:00
1254,0.0,0.254,0.0,2023-02-22 06:00:00
1255,0.0,0.573,0.0,2023-02-22 07:00:00
1256,0.696,0.0,0.048,2023-02-22 08:00:00
1257,0.168,0.0,0.235,2023-02-22 09:00:00
1258,0.546,0.0,0.783,2023-02-22 10:00:00
1259,0.208,0.0,0.518,2023-02-22 11:00:00
1260,0.0,0.0,0.403,2023-02-22 12:00:00
1261,0.172,0.0,0.302,2023-02-22 13:00:00
1262,0.03,0.0,0.344,2023-02-22 14:00:00
1263,0.177,0.0,0.243,2023-02-22 15:00:00
1264,0.258,0.0,0.191,2023-02-22 16:00:00
1265,0.241,0.0,0.039,2023-02-22 17:00:00
1266,1.128,0.0,0.0,2023-02-22 18:00:00
1267,0.518,0.0,0.0,2023-02-22 19:00:00
1268,1.229,0.0,0.0,2023-02-22 20:00:00
1269,1.321,0.0,0.0,2023-02-22 21:00:00
1270,0.0,0.6,0.0,2023-02-22 22:00:00
1271,0.0,0.583,0.0,2023-02-22 23:00:00
1272,0.0,0.522,0.0,2023-02-23 00:00:00
1273,0.0,0.447,0.0,2023-02-23 01:00:00
1274,0.0,0.251,0.0,2023-02-23 02:00:00
1275,0.0,0.244,0.0,2023-02-23 03:00:00
1276,0.0,0.243,0.0,2023-02-23 04:00:00
1277,0.0,0.238,0.0,2023-02-23 05:00:00
1278,0.0,0.24,0.0,2023-02-23 06:00:00
1279,0.0,0.223,0.017,2023-02-23 07:00:00
1280,0.895,0.0,0.325,2023-02-23 08:00:00
1281,0.0,0.0,0.268,2023-02-23 09:00:00
1282,0.0,0.0,0.273,2023-02-23 10:00:00
1283,0.571,0.0,0.564,2023-02-23 11:00:00
1284,0.788,0.0,0.397,2023-02-23 12:00:00
1285,0.048,0.0,0.383,2023-02-23 13:00:00
1286,0.0,0.0,0.432,2023-02-23 14:00:00
1287,0.0,0.0,0.391,2023-02-23 15:00:00
1288,0.15,0.0,0.307,2023-02-23 16:00:00
1289,0.332,0.0,0.061,2023-02-23 17:00:00
1290,1.297,0.0,0.0,2023-02-23 18:00:00
1291,1.62,0.0,0.0,2023-02-23 19:00:00
1292,0.972,0.0,0.0,2023-02-23 20:00:00
1293,0.715,0.0,0.0,2023-02-23 21:00:00
1294,0.0,0.79,0.0,2023-02-23 22:00:00
1295,0.0,0.652,0.0,2023-02-23 23:00:00
1296,0.0,0.65,0.0,2023-02-24 00:00:00
1297,0.0,1.161,0.0,2023-02-24 01:00:00
1298,0.0,0.442,0.0,2023-02-24 02:00:00
1299,0.0,0.269,0.0,2023-02-24 03:00:00
1300,0.0,0.26,0.0,2023-02-24 04:00:00
1301,0.0,0.307,0.0,2023-02-24 05:00:00
1302,0.0,0.306,0.0,2023-02-24 06:00:00
1303,0.0,0.633,0.021,2023-02-24 07:00:00
1304,0.048,0.0,0.309,2023-02-24 08:00:00
1305,0.0,0.0,0.326,2023-02-24 09:00:00
1306,0.343,0.0,0.733,2023-02-24 10:00:00
1307,0.015,0.0,0.809,2023-02-24 11:00:00
1308,0.116,0.0,0.589,2023-02-24 12:00:00
1309,0.0,0.0,0.272,2023-02-24 13:00:00
1310,0.0,0.0,0.292,2023-02-24 14:00:00
1311,0.081,0.0,0.457,2023-02-24 15:00:00
1312,0.082,0.0,0.326,2023-02-24 16:00:00
1313,0.308,0.0,0.048,2023-02-24 17:00:00
1314,0.448,0.0,0.0,2023-02-24 18:00:00
1315,1.336,0.0,0.0,2023-02-24 19:00:00
1316,0.756,0.0,0.0,2023-02-24 20:00:00
1317,0.723,0.0,0.0,2023-02-24 21:00:00
1318,0.0,0.696,0.0,2023-02-24 22:00:00
1319,0.0,1.797,0.0,2023-02-24 23:00:00
1320,0.0,2.527,0.0,2023-02-25 00:00:00
1321,0.0,2.478,0.0,2023-02-25 01:00:00
1322,0.0,2.468,0.0,2023-02-25 02:00:00
1323,0.0,0.851,0.0,2023-02-25 03:00:00
1324,0.0,0.31,0.0,2023-02-25 04:00:00
1325,0.0,0.318,0.0,2023-02-25 05:00:00
1326,0.0,0.327,0.0,2023-02-25 06:00:00
1327,0.0,0.319,0.0,2023-02-25 07:00:00
1328,0.29,0.0,0.022,2023-02-25 08:00:00
1329,0.255,0.0,0.083,2023-02-25 09:00:00
1330,0.139,0.0,0.178,2023-02-25 10:00:00
1331,0.889,0.0,0.208,2023-02-25 11:00:00
1332,0.469,0.0,0.176,2023-02-25 12:00:00
1333,0.355,0.0,0.205,2023-02-25 13:00:00
1334,0.185,0.0,0.139,2023-02-25 14:00:00
1335,0.238,0.0,0.071,2023-02-25 15:00:00
1336,0.386,0.0,0.035,2023-02-25 16:00:00
1337,0.537,0.0,0.0,2023-02-25 17:00:00
1338,0.894,0.0,0.0,2023-02-25 18:00:00
1339,0.882,0.0,0.0,2023-02-25 19:00:00
1340,1.791,0.0,0.0,2023-02-25 20:00:00
1341,1.124,0.0,0.0,2023-02-25 21:00:00
1342,0.0,0.579,0.0,2023-02-25 22:00:00
1343,0.0,0.569,0.0,2023-02-25 23:00:00
1344,0.0,0.516,0.0,2023-02-26 00:00:00
1345,0.0,0.609,0.0,2023-02-26 01:00:00
1346,0.0,0.548,0.0,2023-02-26 02:00:00
1347,0.0,0.717,0.0,2023-02-26 03:00:00
1348,0.0,0.545,0.0,2023-02-26 04:00:00
1349,0.0,0.806,0.0,2023-02-26 05:00:00
1350,0.0,0.324,0.0,2023-02-26 06:00:00
1351,0.0,0.287,0.032,2023-02-26 07:00:00
1352,0.045,0.0,0.282,2023-02-26 08:00:00
1353,0.0,0.0,0.332,2023-02-26 09:00:00
1354,0.0,0.0,0.333,2023-02-26 10:00:00
1355,0.261,0.0,0.656,2023-02-26 11:00:00
1356,1.123,0.0,1.07,2023-02-26 12:00:00
1357,0.09,0.0,0.675,2023-02-26 13:00:00
1358,0.093,0.0,0.722,2023-02-26 14:00:00
1359,0.0,0.0,0.52,2023-02-26 15:00:00
1360,0.207,0.0,0.374,2023-02-26 16:00:00
1361,0.507,0.0,0.051,2023-02-26 17:00:00
1362,2.191,0.0,0.0,2023-02-26 18:00:00
1363,2.146,0.0,0.0,2023-02-26 19:00:00
1364,0.962,0.0,0.0,2023-02-26 20:00:00
1365,0.557,0.0,0.0,2023-02-26 21:00:00
1366,0.0,0.45,0.0,2023-02-26 22:00:00
1367,0.0,0.574,0.0,2023-02-26 23:00:00
1368,0.0,0.586,0.0,2023-02-27 00:00:00
1369,0.0,0.569,0.0,2023-02-27 01:00:00
1370,0.0,0.521,0.0,2023-02-27 02:00:00
1371,0.0,0.416,0.0,2023-02-27 03:00:00
1372,0.0,0.29,0.0,2023-02-27 04:00:00
1373,0.0,0.281,0.0,2023-02-27 05:00:00
1374,0.0,0.298,0.0,2023-02-27 06:00:00
1375,0.0,1.3,0.04,2023-02-27 07:00:00
1376,0.042,0.0,0.307,2023-02-27 08:00:00
1377,0.0,0.0,0.288,2023-02-27 09:00:00
1378,0.0,0.0,0.306,2023-02-27 10:00:00
1379,0.219,0.0,0.498,2023-02-27 11:00:00
1380,0.564,0.0,0.915,2023-02-27 12:00:00
1381,0.231,0.0,0.496,2023-02-27 13:00:00
1382,0.0,0.0,0.306,2023-02-27 14:00:00
1383,0.0,0.0,0.285,2023-02-27 15:00:00
1384,0.019,0.0,0.267,2023-02-27 16:00:00
1385,0.244,0.0,0.054,2023-02-27 17:00:00
1386,0.541,0.0,0.0,2023-02-27 18:00:00
1387,0.655,0.0,0.0,2023-02-27 19:00:00
1388,0.468,0.0,0.0,2023-02-27 20:00:00
1389,0.48,0.0,0.0,2023-02-27 21:00:00
1390,0.0,0.553,0.0,2023-02-27 22:00:00
1391,0.0,0.52,0.0,2023-02-27 23:00:00
1392,0.0,0.628,0.0,2023-02-28 00:00:00
1393,0.0,0.489,0.0,2023-02-28 01:00:00
1394,0.0,0.312,0.0,2023-02-28 02:00:00
1395,0.0,0.32,0.0,2023-02-28 03:00:00
1396,0.0,0.306,0.0,2023-02-28 04:00:00
1397,0.0,0.304,0.0,2023-02-28 05:00:00
1398,0.0,0.464,0.0,2023-02-28 06:00:00
1399,0.0,1.093,0.046,2023-02-28 07:00:00
1400,0.074,0.0,0.321,2023-02-28 08:00:00
1401,0.437,0.0,0.548,2023-02-28 09:00:00
1402,0.0,0.0,0.366,2023-02-28 10:00:00
1403,0.0,0.0,0.29,2023-02-28 11:00:00
1404,0.0,0.0,0.305,2023-02-28 12:00:00
1405,0.0,0.0,0.301,2023-02-28 13:00:00
1406,0.0,0.0,0.288,2023-02-28 14:00:00
1407,0.0,0.0,0.298,2023-02-28 15:00:00
1408,0.009,0.0,0.268,2023-02-28 16:00:00
1409,0.226,0.0,0.06,2023-02-28 17:00:00
1410,0.567,0.0,0.0,2023-02-28 18:00:00
1411,0.529,0.0,0.0,2023-02-28 19:00:00
1412,0.921,0.0,0.0,2023-02-28 20:00:00
1413,1.635,0.0,0.0,2023-02-28 21:00:00
1414,0.0,0.66,0.0,2023-02-28 22:00:00
1415,0.0,0.573,0.0,2023-02-28 23:00:00
1416,0.0,0.527,0.0,2023-03-01 00:00:00
1417,0.0,0.572,0.0,2023-03-01 01:00:00
1418,0.0,0.309,0.0,2023-03-01 02:00:00
1419,0.0,0.308,0.0,2023-03-01 03:00:00
1420,0.0,0.285,0.0,2023-03-01 04:00:00
1421,0.0,0.302,0.0,2023-03-01 05:00:00
1422,0.0,0.297,0.0,2023-03-01 06:00:00
1423,0.0,0.901,0.05,2023-03-01 07:00:00
1424,0.862,0.0,0.347,2023-03-01 08:00:00
1425,0.0,0.0,0.289,2023-03-01 09:00:00
1426,0.0,0.0,0.306,2023-03-01 10:00:00
1427,0.0,0.0,0.401,2023-03-01 11:00:00
1428,0.491,0.0,0.712,2023-03-01 12:00:00
1429,0.0,0.0,0.31,2023-03-01 13:00:00
1430,0.0,0.0,0.283,2023-03-01 14:00:00
1431,0.0,0.0,0.289,2023-03-01 15:00:00
1432,0.112,0.0,0.221,2023-03-01 16:00:00
1433,0.244,0.0,0.104,2023-03-01 17:00:00
1434,0.401,0.0,0.001,2023-03-01 18:00:00
1435,1.437,0.0,0.0,2023-03-01 19:00:00
1436,0.778,0.0,0.0,2023-03-01 20:00:00
1437,0.69,0.0,0.0,2023-03-01 21:00:00
1438,0.0,0.589,0.0,2023-03-01 22:00:00
1439,0.0,0.439,0.0,2023-03-01 23:00:00
1440,0.0,0.492,0.0,2023-03-02 00:00:00
1441,0.0,0.481,0.0,2023-03-02 01:00:00
1442,0.0,0.334,0.0,2023-03-02 02:00:00
1443,0.0,0.285,0.0,2023-03-02 03:00:00
1444,0.0,0.294,0.0,2023-03-02 04:00:00
1445,0.0,0.295,0.0,2023-03-02 05:00:00
1446,0.0,0.289,0.0,2023-03-02 06:00:00
1447,0.0,1.303,0.065,2023-03-02 07:00:00
1448,0.901,0.0,0.378,2023-03-02 08:00:00
1449,0.21,0.0,0.438,2023-03-02 09:00:00
1450,0.282,0.0,0.65,2023-03-02 10:00:00
1451,0.0,0.0,0.439,2023-03-02 11:00:00
1452,0.0,0.0,0.31,2023-03-02 12:00:00
1453,0.0,0.0,0.303,2023-03-02 13:00:00
1454,0.0,0.0,0.295,2023-03-02 14:00:00
1455,0.0,0.0,0.305,2023-03-02 15:00:00
1456,0.007,0.0,0.265,2023-03-02 16:00:00
1457,0.223,0.0,0.065,2023-03-02 17:00:00
1458,1.064,0.0,0.0,2023-03-02 18:00:00
1459,2.155,0.0,0.0,2023-03-02 19:00:00
1460,0.72,0.0,0.0,2023-03-02 20:00:00
1461,1.813,0.0,0.0,2023-03-02 21:00:00
1462,0.0,2.472,0.0,2023-03-02 22:00:00
1463,0.0,0.857,0.0,2023-03-02 23:00:00
1464,0.0,0.557,0.0,2023-03-03 00:00:00
1465,0.0,0.487,0.0,2023-03-03 01:00:00
1466,0.0,0.379,0.0,2023-03-03 02:00:00
1467,0.0,0.348,0.0,2023-03-03 03:00:00
1468,0.0,0.298,0.0,2023-03-03 04:00:00
1469,0.0,0.294,0.0,2023-03-03 05:00:00
1470,0.0,0.302,0.0,2023-03-03 06:00:00
1471,0.0,1.119,0.048,2023-03-03 07:00:00
1472,0.092,0.0,0.326,2023-03-03 08:00:00
1473,0.0,0.0,0.281,2023-03-03 09:00:00
1474,0.274,0.0,0.644,2023-03-03 10:00:00
1475,0.609,0.0,0.861,2023-03-03 11:00:00
1476,0.503,0.0,0.895,2023-03-03 12:00:00
1477,0.0,0.0,0.297,2023-03-03 13:00:00
1478,0.26,0.0,0.526,2023-03-03 14:00:00
1479,0.139,0.0,0.416,2023-03-03 15:00:00
1480,0.096,0.0,0.304,2023-03-03 16:00:00
1481,0.326,0.0,0.07,2023-03-03 17:00:00
1482,0.431,0.0,0.0,2023-03-03 18:00:00
1483,1.144,0.0,0.0,2023-03-03 19:00:00
1484,0.747,0.0,0.0,2023-03-03 20:00:00
1485,1.34,0.0,0.0,2023-03-03 21:00:00
1486,0.0,1.657,0.0,2023-03-03 22:00:00
1487,0.0,0.577,0.0,2023-03-03 23:00:00
1488,0.0,0.677,0.0,2023-03-04 00:00:00
1489,0.0,0.42,0.0,2023-03-04 01:00:00
1490,0.0,0.343,0.0,2023-03-04 02:00:00
1491,0.0,0.364,0.0,2023-03-04 03:00:00
1492,0.0,0.332,0.0,2023-03-04 04:00:00
1493,0.0,0.397,0.0,2023-03-04 05:00:00
1494,0.0,0.34,0.0,2023-03-04 06:00:00
1495,0.0,1.427,0.073,2023-03-04 07:00:00
1496,0.139,0.0,0.335,2023-03-04 08:00:00
1497,0.0,0.0,0.389,2023-03-04 09:00:00
1498,0.0,0.0,0.353,2023-03-04 10:00:00
1499,0.39,0.0,0.783,2023-03-04 11:00:00
1500,0.062,0.0,0.874,2023-03-04 12:00:00
1501,0.0,0.0,0.317,2023-03-04 13:00:00
1502,0.0,0.0,0.312,2023-03-04 14:00:00
1503,0.379,0.0,0.368,2023-03-04 15:00:00
1504,0.347,0.0,0.337,2023-03-04 16:00:00
1505,0.413,0.0,0.065,2023-03-04 17:00:00
1506,1.175,0.0,0.0,2023-03-04 18:00:00
1507,0.698,0.0,0.0,2023-03-04 19:00:00
1508,0.577,0.0,0.0,2023-03-04 20:00:00
1509,0.575,0.0,0.0,2023-03-04 21:00:00
1510,0.0,0.696,0.0,2023-03-04 22:00:00
1511,0.0,0.626,0.0,2023-03-04 23:00:00
1512,0.0,0.617,0.0,2023-03-05 00:00:00
1513,0.0,0.462,0.0,2023-03-05 01:00:00
1514,0.0,0.298,0.0,2023-03-05 02:00:00
1515,0.0,1.153,0.0,2023-03-05 03:00:00
1516,0.0,1.417,0.0,2023-03-05 04:00:00
1517,0.0,1.309,0.0,2023-03-05 05:00:00
1518,0.0,1.502,0.0,2023-03-05 06:00:00
1519,0.0,0.319,0.0,2023-03-05 07:00:00
1520,0.363,0.0,0.031,2023-03-05 08:00:00
1521,0.219,0.0,0.116,2023-03-05 09:00:00
1522,0.978,0.0,0.177,2023-03-05 10:00:00
1523,1.773,0.0,0.178,2023-03-05 11:00:00
1524,1.795,0.0,0.12,2023-03-05 12:00:00
1525,0.507,0.0,0.087,2023-03-05 13:00:00
1526,0.29,0.0,0.064,2023-03-05 14:00:00
1527,0.743,0.0,0.079,2023-03-05 15:00:00
1528,0.351,0.0,0.073,2023-03-05 16:00:00
1529,2.07,0.0,0.061,2023-03-05 17:00:00
1530,1.661,0.0,0.001,2023-03-05 18:00:00
1531,2.357,0.0,0.0,2023-03-05 19:00:00
1532,2.359,0.0,0.0,2023-03-05 20:00:00
1533,0.949,0.0,0.0,2023-03-05 21:00:00
1534,0.0,0.502,0.0,2023-03-05 22:00:00
1535,0.0,0.578,0.0,2023-03-05 23:00:00
1536,0.0,0.695,0.0,2023-03-06 00:00:00
1537,0.0,2.499,0.0,2023-03-06 01:00:00
1538,0.0,0.755,0.0,2023-03-06 02:00:00
1539,0.0,0.371,0.0,2023-03-06 03:00:00
1540,0.0,0.237,0.0,2023-03-06 04:00:00
1541,0.0,0.272,0.0,2023-03-06 05:00:00
1542,0.0,0.296,0.0,2023-03-06 06:00:00
1543,0.0,1.144,0.016,2023-03-06 07:00:00
1544,0.36,0.0,0.17,2023-03-06 08:00:00
1545,0.127,0.0,0.158,2023-03-06 09:00:00
1546,0.209,0.0,0.137,2023-03-06 10:00:00
1547,0.6,0.0,0.203,2023-03-06 11:00:00
1548,1.025,0.0,0.42,2023-03-06 12:00:00
1549,0.08,0.0,0.197,2023-03-06 13:00:00
1550,0.074,0.0,0.219,2023-03-06 14:00:00
1551,0.078,0.0,0.204,2023-03-06 15:00:00
1552,0.216,0.0,0.085,2023-03-06 16:00:00
1553,0.308,0.0,0.03,2023-03-06 17:00:00
1554,0.635,0.0,0.0,2023-03-06 18:00:00
1555,1.323,0.0,0.0,2023-03-06 19:00:00
1556,1.263,0.0,0.0,2023-03-06 20:00:00
1557,0.588,0.0,0.0,2023-03-06 21:00:00
1558,0.0,0.529,0.0,2023-03-06 22:00:00
1559,0.0,0.562,0.0,2023-03-06 23:00:00
1560,0.0,0.532,0.0,2023-03-07 00:00:00
1561,0.0,0.301,0.0,2023-03-07 01:00:00
1562,0.0,0.283,0.0,2023-03-07 02:00:00
1563,0.0,0.306,0.0,2023-03-07 03:00:00
1564,0.0,0.314,0.0,2023-03-07 04:00:00
1565,0.0,0.321,0.0,2023-03-07 05:00:00
1566,0.0,0.302,0.0,2023-03-07 06:00:00
1567,0.0,0.882,0.012,2023-03-07 07:00:00
1568,0.109,0.0,0.161,2023-03-07 08:00:00
1569,1.216,0.0,0.449,2023-03-07 09:00:00
1570,0.791,0.0,0.384,2023-03-07 10:00:00
1571,0.013,0.0,0.265,2023-03-07 11:00:00
1572,0.0,0.0,0.291,2023-03-07 12:00:00
1573,0.0,0.0,0.297,2023-03-07 13:00:00
1574,0.007,0.0,0.276,2023-03-07 14:00:00
1575,0.068,0.0,0.205,2023-03-07 15:00:00
1576,0.087,0.0,0.202,2023-03-07 16:00:00
1577,0.287,0.0,0.044,2023-03-07 17:00:00
1578,1.181,0.0,0.0,2023-03-07 18:00:00
1579,2.412,0.0,0.0,2023-03-07 19:00:00
1580,0.747,0.0,0.0,2023-03-07 20:00:00
1581,1.643,0.0,0.0,2023-03-07 21:00:00
1582,0.0,1.05,0.0,2023-03-07 22:00:00
1583,0.0,0.588,0.0,2023-03-07 23:00:00
1584,0.0,0.466,0.0,2023-03-08 00:00:00
1585,0.0,0.415,0.0,2023-03-08 01:00:00
1586,0.0,0.358,0.0,2023-03-08 02:00:00
1587,0.0,0.335,0.0,2023-03-08 03:00:00
1588,0.0,0.284,0.0,2023-03-08 04:00:00
1589,0.0,0.305,0.0,2023-03-08 05:00:00
1590,0.0,0.31,0.0,2023-03-08 06:00:00
1591,0.0,1.189,0.0,2023-03-08 07:00:00
1592,1.408,0.0,0.005,2023-03-08 08:00:00
1593,0.328,0.0,0.017,2023-03-08 09:00:00
1594,0.287,0.0,0.048,2023-03-08 10:00:00
1595,0.212,0.0,0.084,2023-03-08 11:00:00
1596,0.193,0.0,0.161,2023-03-08 12:00:00
1597,0.154,0.0,0.16,2023-03-08 13:00:00
1598,0.09,0.0,0.194,2023-03-08 14:00:00
1599,0.21,0.0,0.193,2023-03-08 15:00:00
1600,1.009,0.0,0.077,2023-03-08 16:00:00
1601,0.334,0.0,0.024,2023-03-08 17:00:00
1602,0.449,0.0,0.0,2023-03-08 18:00:00
1603,2.179,0.0,0.0,2023-03-08 19:00:00
1604,0.879,0.0,0.0,2023-03-08 20:00:00
1605,0.637,0.0,0.0,2023-03-08 21:00:00
1606,0.0,0.765,0.0,2023-03-08 22:00:00
1607,0.0,0.784,0.0,2023-03-08 23:00:00
1608,0.0,0.731,0.0,2023-03-09 00:00:00
1609,0.0,0.69,0.0,2023-03-09 01:00:00
1610,0.0,0.619,0.0,2023-03-09 02:00:00
1611,0.0,0.481,0.0,2023-03-09 03:00:00
1612,0.0,0.452,0.0,2023-03-09 04:00:00
1613,0.0,0.459,0.0,2023-03-09 05:00:00
1614,0.0,0.466,0.0,2023-03-09 06:00:00
1615,0.0,1.001,0.0,2023-03-09 07:00:00
1616,1.355,0.0,0.023,2023-03-09 08:00:00
1617,0.231,0.0,0.0,2023-03-09 09:00:00
1618,0.159,0.0,0.067,2023-03-09 10:00:00
1619,1.337,0.0,0.287,2023-03-09 11:00:00
1620,0.631,0.0,0.258,2023-03-09 12:00:00
1621,0.0,0.0,0.236,2023-03-09 13:00:00
1622,0.0,0.0,0.273,2023-03-09 14:00:00
1623,0.547,0.0,0.328,2023-03-09 15:00:00
1624,0.128,0.0,0.163,2023-03-09 16:00:00
1625,0.272,0.0,0.073,2023-03-09 17:00:00
1626,0.528,0.0,0.001,2023-03-09 18:00:00
1627,0.507,0.0,0.0,2023-03-09 19:00:00
1628,0.596,0.0,0.0,2023-03-09 20:00:00
1629,0.846,0.0,0.0,2023-03-09 21:00:00
1630,0.0,0.833,0.0,2023-03-09 22:00:00
1631,0.0,0.636,0.0,2023-03-09 23:00:00
1632,0.0,0.816,0.0,2023-03-10 00:00:00
1633,0.0,0.534,0.0,2023-03-10 01:00:00
1634,0.0,0.486,0.0,2023-03-10 02:00:00
1635,0.0,0.303,0.0,2023-03-10 03:00:00
1636,0.0,0.26,0.0,2023-03-10 04:00:00
1637,0.0,0.245,0.0,2023-03-10 05:00:00
1638,0.0,0.237,0.0,2023-03-10 06:00:00
1639,0.0,0.965,0.011,2023-03-10 07:00:00
1640,0.234,0.0,0.077,2023-03-10 08:00:00
1641,0.222,0.0,0.224,2023-03-10 09:00:00
1642,1.14,0.0,0.188,2023-03-10 10:00:00
1643,0.863,0.0,0.266,2023-03-10 11:00:00
1644,0.009,0.0,0.351,2023-03-10 12:00:00
1645,0.006,0.0,0.32,2023-03-10 13:00:00
1646,0.164,0.0,0.248,2023-03-10 14:00:00
1647,0.213,0.0,0.209,2023-03-10 15:00:00
1648,0.122,0.0,0.144,2023-03-10 16:00:00
1649,0.218,0.0,0.049,2023-03-10 17:00:00
1650,0.377,0.0,0.0,2023-03-10 18:00:00
1651,0.576,0.0,0.0,2023-03-10 19:00:00
1652,0.495,0.0,0.0,2023-03-10 20:00:00
1653,0.497,0.0,0.0,2023-03-10 21:00:00
1654,0.0,0.564,0.0,2023-03-10 22:00:00
1655,0.0,0.577,0.0,2023-03-10 23:00:00
1656,0.0,0.543,0.0,2023-03-11 00:00:00
1657,0.0,0.283,0.0,2023-03-11 01:00:00
1658,0.0,0.368,0.0,2023-03-11 02:00:00
1659,0.0,0.299,0.0,2023-03-11 03:00:00
1660,0.0,0.242,0.0,2023-03-11 04:00:00
1661,0.0,0.255,0.0,2023-03-11 05:00:00
1662,0.0,0.246,0.0,2023-03-11 06:00:00
1663,0.0,0.239,0.002,2023-03-11 07:00:00
1664,0.714,0.0,0.161,2023-03-11 08:00:00
1665,0.92,0.0,0.189,2023-03-11 09:00:00
1666,0.102,0.0,0.2,2023-03-11 10:00:00
1667,0.013,0.0,0.25,2023-03-11 11:00:00
1668,0.0,0.0,0.259,2023-03-11 12:00:00
1669,0.015,0.0,0.261,2023-03-11 13:00:00
1670,0.363,0.0,0.339,2023-03-11 14:00:00
1671,0.163,0.0,0.264,2023-03-11 15:00:00
1672,1.738,0.0,0.162,2023-03-11 16:00:00
1673,0.476,0.0,0.018,2023-03-11 17:00:00
1674,0.394,0.0,0.0,2023-03-11 18:00:00
1675,0.485,0.0,0.0,2023-03-11 19:00:00
1676,0.467,0.0,0.0,2023-03-11 20:00:00
1677,0.417,0.0,0.0,2023-03-11 21:00:00
1678,0.0,0.845,0.0,2023-03-11 22:00:00
1679,0.0,1.893,0.0,2023-03-11 23:00:00
1680,0.0,0.56,0.0,2023-03-12 00:00:00
1681,0.0,0.546,0.0,2023-03-12 01:00:00
1682,0.0,0.548,0.0,2023-03-12 02:00:00
1683,0.0,0.555,0.0,2023-03-12 03:00:00
1684,0.0,0.48,0.0,2023-03-12 04:00:00
1685,0.0,0.243,0.0,2023-03-12 05:00:00
1686,0.0,0.255,0.0,2023-03-12 06:00:00
1687,0.0,0.145,0.108,2023-03-12 07:00:00
1688,0.007,0.0,0.253,2023-03-12 08:00:00
1689,0.483,0.0,0.412,2023-03-12 09:00:00
1690,0.011,0.0,0.286,2023-03-12 10:00:00
1691,0.638,0.0,0.454,2023-03-12 11:00:00
1692,1.063,0.0,0.541,2023-03-12 12:00:00
1693,0.435,0.0,0.529,2023-03-12 13:00:00
1694,0.325,0.0,0.519,2023-03-12 14:00:00
1695,0.0,0.0,0.333,2023-03-12 15:00:00
1696,0.03,0.0,0.294,2023-03-12 16:00:00
1697,0.869,0.0,0.107,2023-03-12 17:00:00
1698,0.696,0.0,0.007,2023-03-12 18:00:00
1699,1.031,0.0,0.0,2023-03-12 19:00:00
1700,1.557,0.0,0.0,2023-03-12 20:00:00
1701,0.969,0.0,0.0,2023-03-12 21:00:00
1702,0.0,0.551,0.0,2023-03-12 22:00:00
1703,0.0,0.612,0.0,2023-03-12 23:00:00
1704,0.0,0.783,0.0,2023-03-13 00:00:00
1705,0.0,0.515,0.0,2023-03-13 01:00:00
1706,0.0,0.281,0.0,2023-03-13 02:00:00
1707,0.0,0.274,0.0,2023-03-13 03:00:00
1708,0.0,0.36,0.0,2023-03-13 04:00:00
1709,0.0,0.282,0.0,2023-03-13 05:00:00
1710,0.0,0.292,0.0,2023-03-13 06:00:00
1711,0.0,1.184,0.008,2023-03-13 07:00:00
1712,0.297,0.0,0.101,2023-03-13 08:00:00
1713,0.009,0.0,0.236,2023-03-13 09:00:00
1714,0.0,0.0,0.239,2023-03-13 10:00:00
1715,0.003,0.0,0.238,2023-03-13 11:00:00
1716,0.682,0.0,0.386,2023-03-13 12:00:00
1717,0.0,0.0,0.248,2023-03-13 13:00:00
1718,0.0,0.0,0.244,2023-03-13 14:00:00
1719,0.0,0.0,0.239,2023-03-13 15:00:00
1720,0.065,0.0,0.171,2023-03-13 16:00:00
1721,0.154,0.0,0.086,2023-03-13 17:00:00
1722,1.801,0.0,0.003,2023-03-13 18:00:00
1723,1.943,0.0,0.0,2023-03-13 19:00:00
1724,0.531,0.0,0.0,2023-03-13 20:00:00
1725,0.635,0.0,0.0,2023-03-13 21:00:00
1726,0.0,0.481,0.0,2023-03-13 22:00:00
1727,0.0,0.434,0.0,2023-03-13 23:00:00
1728,0.0,0.363,0.0,2023-03-14 00:00:00
1729,0.0,0.307,0.0,2023-03-14 01:00:00
1730,0.0,0.251,0.0,2023-03-14 02:00:00
1731,0.0,0.246,0.0,2023-03-14 03:00:00
1732,0.0,0.244,0.0,2023-03-14 04:00:00
1733,0.0,0.246,0.0,2023-03-14 05:00:00
1734,0.0,0.246,0.0,2023-03-14 06:00:00
1735,0.0,0.481,0.064,2023-03-14 07:00:00
1736,0.283,0.0,0.253,2023-03-14 08:00:00
1737,0.588,0.0,0.433,2023-03-14 09:00:00
1738,0.56,0.0,0.545,2023-03-14 10:00:00
1739,0.0,0.0,0.254,2023-03-14 11:00:00
1740,0.0,0.0,0.246,2023-03-14 12:00:00
1741,0.0,0.0,0.249,2023-03-14 13:00:00
1742,0.0,0.0,0.251,2023-03-14 14:00:00
1743,0.0,0.0,0.24,2023-03-14 15:00:00
1744,0.0,0.0,0.238,2023-03-14 16:00:00
1745,0.111,0.0,0.123,2023-03-14 17:00:00
1746,0.311,0.0,0.004,2023-03-14 18:00:00
1747,0.329,0.0,0.0,2023-03-14 19:00:00
1748,0.401,0.0,0.0,2023-03-14 20:00:00
1749,0.67,0.0,0.0,2023-03-14 21:00:00
1750,0.0,0.558,0.0,2023-03-14 22:00:00
1751,0.0,0.569,0.0,2023-03-14 23:00:00
1752,0.0,0.502,0.0,2023-03-15 00:00:00
1753,0.0,0.504,0.0,2023-03-15 01:00:00
1754,0.0,0.494,0.0,2023-03-15 02:00:00
1755,0.0,0.495,0.0,2023-03-15 03:00:00
1756,0.0,0.349,0.0,2023-03-15 04:00:00
1757,0.0,0.337,0.0,2023-03-15 05:00:00
1758,0.0,0.275,0.0,2023-03-15 06:00:00
1759,0.0,0.37,0.161,2023-03-15 07:00:00
1760,0.65,0.0,0.325,2023-03-15 08:00:00
1761,0.0,0.0,0.257,2023-03-15 09:00:00
1762,0.0,0.0,0.252,2023-03-15 10:00:00
1763,0.0,0.0,0.253,2023-03-15 11:00:00
1764,0.0,0.0,0.255,2023-03-15 12:00:00
1765,0.0,0.0,0.25,2023-03-15 13:00:00
1766,0.0,0.0,0.247,2023-03-15 14:00:00
1767,0.0,0.0,0.246,2023-03-15 15:00:00
1768,0.0,0.0,0.245,2023-03-15 16:00:00
1769,0.15,0.0,0.088,2023-03-15 17:00:00
1770,0.687,0.0,0.003,2023-03-15 18:00:00
1771,1.536,0.0,0.0,2023-03-15 19:00:00
1772,0.791,0.0,0.0,2023-03-15 20:00:00
1773,0.626,0.0,0.0,2023-03-15 21:00:00
1774,0.0,0.646,0.0,2023-03-15 22:00:00
1775,0.0,0.491,0.0,2023-03-15 23:00:00
1776,0.0,0.704,0.0,2023-03-16 00:00:00
1777,0.0,2.672,0.0,2023-03-16 01:00:00
1778,0.0,0.914,0.0,2023-03-16 02:00:00
1779,0.0,0.26,0.0,2023-03-16 03:00:00
1780,0.0,0.24,0.0,2023-03-16 04:00:00
1781,0.0,0.236,0.0,2023-03-16 05:00:00
1782,0.0,0.235,0.0,2023-03-16 06:00:00
1783,0.0,1.145,0.097,2023-03-16 07:00:00
1784,0.631,0.0,0.191,2023-03-16 08:00:00
1785,0.015,0.0,0.244,2023-03-16 09:00:00
1786,0.0,0.0,0.261,2023-03-16 10:00:00
1787,0.965,0.0,0.554,2023-03-16 11:00:00
1788,0.12,0.0,0.353,2023-03-16 12:00:00
1789,0.124,0.0,0.257,2023-03-16 13:00:00
1790,0.085,0.0,0.237,2023-03-16 14:00:00
1791,0.094,0.0,0.223,2023-03-16 15:00:00
1792,0.162,0.0,0.166,2023-03-16 16:00:00
1793,0.783,0.0,0.021,2023-03-16 17:00:00
1794,0.955,0.0,0.003,2023-03-16 18:00:00
1795,0.964,0.0,0.0,2023-03-16 19:00:00
1796,0.559,0.0,0.0,2023-03-16 20:00:00
1797,0.668,0.0,0.0,2023-03-16 21:00:00
1798,0.0,0.642,0.0,2023-03-16 22:00:00
1799,0.0,0.711,0.0,2023-03-16 23:00:00
1800,0.0,0.539,0.0,2023-03-17 00:00:00
1801,0.0,0.323,0.0,2023-03-17 01:00:00
1802,0.0,0.254,0.0,2023-03-17 02:00:00
1803,0.0,0.251,0.0,2023-03-17 03:00:00
1804,0.0,0.247,0.0,2023-03-17 04:00:00
1805,0.0,0.247,0.0,2023-03-17 05:00:00
1806,0.0,0.245,0.0,2023-03-17 06:00:00
1807,0.0,0.88,0.054,2023-03-17 07:00:00
1808,1.208,0.0,0.111,2023-03-17 08:00:00
1809,0.06,0.0,0.293,2023-03-17 09:00:00
1810,0.0,0.0,0.373,2023-03-17 10:00:00
1811,0.0,0.0,0.356,2023-03-17 11:00:00
1812,0.0,0.0,0.361,2023-03-17 12:00:00
1813,0.0,0.0,0.315,2023-03-17 13:00:00
1814,0.046,0.0,0.301,2023-03-17 14:00:00
1815,0.126,0.0,0.201,2023-03-17 15:00:00
1816,0.132,0.0,0.174,2023-03-17 16:00:00
1817,1.279,0.0,0.045,2023-03-17 17:00:00
1818,2.048,0.0,0.006,2023-03-17 18:00:00
1819,1.119,0.0,0.0,2023-03-17 19:00:00
1820,0.492,0.0,0.0,2023-03-17 20:00:00
1821,0.45,0.0,0.0,2023-03-17 21:00:00
1822,0.0,0.8,0.0,2023-03-17 22:00:00
1823,0.0,0.563,0.0,2023-03-17 23:00:00
1824,0.0,0.496,0.0,2023-03-18 00:00:00
1825,0.0,0.495,0.0,2023-03-18 01:00:00
1826,0.0,0.43,0.0,2023-03-18 02:00:00
1827,0.0,0.367,0.0,2023-03-18 03:00:00
1828,0.0,0.275,0.0,2023-03-18 04:00:00
1829,0.0,0.282,0.0,2023-03-18 05:00:00
1830,0.0,0.311,0.0,2023-03-18 06:00:00
1831,0.0,0.251,0.019,2023-03-18 07:00:00
1832,0.572,0.0,0.131,2023-03-18 08:00:00
1833,0.0,0.0,0.257,2023-03-18 09:00:00
1834,0.668,0.0,0.321,2023-03-18 10:00:00
1835,0.035,0.0,0.251,2023-03-18 11:00:00
1836,0.0,0.0,0.251,2023-03-18 12:00:00
1837,0.0,0.0,0.255,2023-03-18 13:00:00
1838,0.0,0.0,0.323,2023-03-18 14:00:00
1839,0.755,0.0,0.428,2023-03-18 15:00:00
1840,0.725,0.0,0.474,2023-03-18 16:00:00
1841,0.263,0.0,0.203,2023-03-18 17:00:00
1842,0.714,0.0,0.022,2023-03-18 18:00:00
1843,1.288,0.0,0.0,2023-03-18 19:00:00
1844,0.739,0.0,0.0,2023-03-18 20:00:00
1845,0.512,0.0,0.0,2023-03-18 21:00:00
1846,0.0,1.377,0.0,2023-03-18 22:00:00
1847,0.0,1.483,0.0,2023-03-18 23:00:00
1848,0.0,0.641,0.0,2023-03-19 00:00:00
1849,0.0,0.38,0.0,2023-03-19 01:00:00
1850,0.0,0.317,0.0,2023-03-19 02:00:00
1851,0.0,0.362,0.0,2023-03-19 03:00:00
1852,0.0,0.305,0.0,2023-03-19 04:00:00
1853,0.0,0.302,0.0,2023-03-19 05:00:00
1854,0.0,0.344,0.0,2023-03-19 06:00:00
1855,0.0,0.297,0.069,2023-03-19 07:00:00
1856,0.056,0.0,0.241,2023-03-19 08:00:00
1857,0.29,0.0,0.488,2023-03-19 09:00:00
1858,0.039,0.0,0.6,2023-03-19 10:00:00
1859,0.904,0.0,0.952,2023-03-19 11:00:00
1860,0.282,0.0,0.862,2023-03-19 12:00:00
1861,0.141,0.0,0.775,2023-03-19 13:00:00
1862,0.0,0.0,0.434,2023-03-19 14:00:00
1863,0.357,0.0,0.644,2023-03-19 15:00:00
1864,0.584,0.0,0.399,2023-03-19 16:00:00
1865,1.051,0.0,0.109,2023-03-19 17:00:00
1866,0.551,0.0,0.006,2023-03-19 18:00:00
1867,1.019,0.0,0.0,2023-03-19 19:00:00
1868,0.523,0.0,0.0,2023-03-19 20:00:00
1869,1.073,0.0,0.0,2023-03-19 21:00:00
1870,0.0,0.985,0.0,2023-03-19 22:00:00
1871,0.0,0.518,0.0,2023-03-19 23:00:00
1872,0.0,0.531,0.0,2023-03-20 00:00:00
1873,0.0,0.488,0.0,2023-03-20 01:00:00
1874,0.0,0.324,0.0,2023-03-20 02:00:00
1875,0.0,0.311,0.0,2023-03-20 03:00:00
1876,0.0,0.284,0.0,2023-03-20 04:00:00
1877,0.0,0.294,0.0,2023-03-20 05:00:00
1878,0.0,0.297,0.001,2023-03-20 06:00:00
1879,0.0,1.112,0.178,2023-03-20 07:00:00
1880,0.0,0.0,0.26,2023-03-20 08:00:00
1881,0.0,0.0,0.232,2023-03-20 09:00:00
1882,0.0,0.0,0.233,2023-03-20 10:00:00
1883,0.288,0.0,0.46,2023-03-20 11:00:00
1884,0.378,0.0,0.492,2023-03-20 12:00:00
1885,0.0,0.0,0.24,2023-03-20 13:00:00
1886,0.0,0.0,0.237,2023-03-20 14:00:00
1887,0.0,0.0,0.236,2023-03-20 15:00:00
1888,0.0,0.0,0.229,2023-03-20 16:00:00
1889,0.144,0.0,0.099,2023-03-20 17:00:00
1890,1.223,0.0,0.002,2023-03-20 18:00:00
1891,0.502,0.0,0.0,2023-03-20 19:00:00
1892,0.712,0.0,0.0,2023-03-20 20:00:00
1893,1.75,0.0,0.0,2023-03-20 21:00:00
1894,0.0,0.637,0.0,2023-03-20 22:00:00
1895,0.0,0.484,0.0,2023-03-20 23:00:00
1896,0.0,0.531,0.0,2023-03-21 00:00:00
1897,0.0,0.521,0.0,2023-03-21 01:00:00
1898,0.0,0.539,0.0,2023-03-21 02:00:00
1899,0.0,0.248,0.0,2023-03-21 03:00:00
1900,0.0,0.243,0.0,2023-03-21 04:00:00
1901,0.0,0.242,0.0,2023-03-21 05:00:00
1902,0.0,0.244,0.0,2023-03-21 06:00:00
1903,0.0,1.468,0.114,2023-03-21 07:00:00
1904,0.037,0.0,0.247,2023-03-21 08:00:00
1905,0.738,0.0,0.442,2023-03-21 09:00:00
1906,0.0,0.0,0.425,2023-03-21 10:00:00
1907,0.0,0.0,0.25,2023-03-21 11:00:00
1908,0.0,0.0,0.246,2023-03-21 12:00:00
1909,0.0,0.0,0.241,2023-03-21 13:00:00
1910,0.0,0.0,0.245,2023-03-21 14:00:00
1911,0.0,0.0,0.247,2023-03-21 15:00:00
1912,0.0,0.0,0.243,2023-03-21 16:00:00
1913,0.154,0.0,0.104,2023-03-21 17:00:00
1914,1.368,0.0,0.005,2023-03-21 18:00:00
1915,2.282,0.0,0.0,2023-03-21 19:00:00
1916,0.571,0.0,0.0,2023-03-21 20:00:00
1917,0.617,0.0,0.0,2023-03-21 21:00:00
1918,0.0,1.269,0.0,2023-03-21 22:00:00
1919,0.0,0.599,0.0,2023-03-21 23:00:00
1920,0.0,0.59,0.0,2023-03-22 00:00:00
1921,0.0,0.527,0.0,2023-03-22 01:00:00
1922,0.0,0.523,0.0,2023-03-22 02:00:00
1923,0.0,0.356,0.0,2023-03-22 03:00:00
1924,0.0,0.253,0.0,2023-03-22 04:00:00
1925,0.0,0.246,0.0,2023-03-22 05:00:00
1926,0.0,0.25,0.0,2023-03-22 06:00:00
1927,0.0,1.169,0.123,2023-03-22 07:00:00
1928,0.061,0.0,0.299,2023-03-22 08:00:00
1929,0.0,0.0,0.249,2023-03-22 09:00:00
1930,0.0,0.0,0.241,2023-03-22 10:00:00
1931,0.012,0.0,0.235,2023-03-22 11:00:00
1932,0.0,0.0,0.251,2023-03-22 12:00:00
1933,0.0,0.0,0.253,2023-03-22 13:00:00
1934,0.0,0.0,0.266,2023-03-22 14:00:00
1935,0.0,0.0,0.262,2023-03-22 15:00:00
1936,0.062,0.0,0.241,2023-03-22 16:00:00
1937,0.179,0.0,0.136,2023-03-22 17:00:00
1938,0.802,0.0,0.017,2023-03-22 18:00:00
1939,0.727,0.0,0.0,2023-03-22 19:00:00
1940,0.445,0.0,0.0,2023-03-22 20:00:00
1941,0.565,0.0,0.0,2023-03-22 21:00:00
1942,0.0,1.37,0.0,2023-03-22 22:00:00
1943,0.0,0.315,0.0,2023-03-22 23:00:00
1944,0.0,0.305,0.0,2023-03-23 00:00:00
1945,0.0,0.355,0.0,2023-03-23 01:00:00
1946,0.0,0.398,0.0,2023-03-23 02:00:00
1947,0.0,0.266,0.0,2023-03-23 03:00:00
1948,0.0,0.244,0.0,2023-03-23 04:00:00
1949,0.0,0.238,0.0,2023-03-23 05:00:00
1950,0.0,0.235,0.0,2023-03-23 06:00:00
1951,0.0,1.287,0.105,2023-03-23 07:00:00
1952,1.04,0.0,0.107,2023-03-23 08:00:00
1953,0.059,0.0,0.179,2023-03-23 09:00:00
1954,0.054,0.0,0.186,2023-03-23 10:00:00
1955,0.054,0.0,0.185,2023-03-23 11:00:00
1956,0.054,0.0,0.184,2023-03-23 12:00:00
1957,0.027,0.0,0.213,2023-03-23 13:00:00
1958,0.064,0.0,0.173,2023-03-23 14:00:00
1959,0.136,0.0,0.095,2023-03-23 15:00:00
1960,0.169,0.0,0.065,2023-03-23 16:00:00
1961,0.208,0.0,0.022,2023-03-23 17:00:00
1962,0.563,0.0,0.003,2023-03-23 18:00:00
1963,1.432,0.0,0.0,2023-03-23 19:00:00
1964,0.337,0.0,0.0,2023-03-23 20:00:00
1965,0.472,0.0,0.0,2023-03-23 21:00:00
1966,0.0,0.532,0.0,2023-03-23 22:00:00
1967,0.0,0.618,0.0,2023-03-23 23:00:00
1968,0.0,0.604,0.0,2023-03-24 00:00:00
1969,0.0,0.534,0.0,2023-03-24 01:00:00
1970,0.0,0.462,0.0,2023-03-24 02:00:00
1971,0.0,0.331,0.0,2023-03-24 03:00:00
1972,0.0,0.248,0.0,2023-03-24 04:00:00
1973,0.0,0.245,0.0,2023-03-24 05:00:00
1974,0.0,0.243,0.0,2023-03-24 06:00:00
1975,0.0,1.643,0.177,2023-03-24 07:00:00
1976,0.031,0.0,0.314,2023-03-24 08:00:00
1977,0.0,0.0,0.257,2023-03-24 09:00:00
1978,0.0,0.0,0.257,2023-03-24 10:00:00
1979,0.0,0.0,0.263,2023-03-24 11:00:00
1980,0.0,0.0,0.268,2023-03-24 12:00:00
1981,0.0,0.0,0.258,2023-03-24 13:00:00
1982,0.514,0.0,0.428,2023-03-24 14:00:00
1983,0.018,0.0,0.316,2023-03-24 15:00:00
1984,0.009,0.0,0.316,2023-03-24 16:00:00
1985,0.211,0.0,0.115,2023-03-24 17:00:00
1986,0.309,0.0,0.008,2023-03-24 18:00:00
1987,0.37,0.0,0.0,2023-03-24 19:00:00
1988,0.471,0.0,0.0,2023-03-24 20:00:00
1989,0.535,0.0,0.0,2023-03-24 21:00:00
1990,0.0,0.531,0.0,2023-03-24 22:00:00
1991,0.0,0.54,0.0,2023-03-24 23:00:00
1992,0.0,0.532,0.0,2023-03-25 00:00:00
1993,0.0,0.534,0.0,2023-03-25 01:00:00
1994,0.0,0.505,0.0,2023-03-25 02:00:00
1995,0.0,0.377,0.0,2023-03-25 03:00:00
1996,0.0,0.266,0.0,2023-03-25 04:00:00
1997,0.0,0.242,0.0,2023-03-25 05:00:00
1998,0.0,0.279,0.004,2023-03-25 06:00:00
1999,0.0,0.053,0.187,2023-03-25 07:00:00
2000,0.0,0.0,0.244,2023-03-25 08:00:00
2001,0.0,0.0,0.426,2023-03-25 09:00:00
2002,0.507,0.0,0.662,2023-03-25 10:00:00
2003,0.326,0.0,0.632,2023-03-25 11:00:00
2004,0.541,0.0,0.454,2023-03-25 12:00:00
2005,0.267,0.0,0.258,2023-03-25 13:00:00
2006,0.59,0.0,0.232,2023-03-25 14:00:00
2007,0.162,0.0,0.175,2023-03-25 15:00:00
2008,0.854,0.0,0.074,2023-03-25 16:00:00
2009,0.978,0.0,0.053,2023-03-25 17:00:00
2010,0.565,0.0,0.001,2023-03-25 18:00:00
2011,0.722,0.0,0.0,2023-03-25 19:00:00
2012,1.995,0.0,0.0,2023-03-25 20:00:00
2013,0.486,0.0,0.0,2023-03-25 21:00:00
2014,0.0,0.397,0.0,2023-03-25 22:00:00
2015,0.0,0.384,0.0,2023-03-25 23:00:00
2016,0.0,0.384,0.0,2023-03-26 00:00:00
2017,0.0,0.0,0.0,2023-03-26 01:00:00
2018,0.0,0.419,0.0,2023-03-26 02:00:00
2019,0.0,0.306,0.0,2023-03-26 03:00:00
2020,0.0,0.254,0.0,2023-03-26 04:00:00
2021,0.0,0.323,0.0,2023-03-26 05:00:00
2022,0.0,0.247,0.0,2023-03-26 06:00:00
2023,0.0,0.238,0.003,2023-03-26 07:00:00
2024,0.152,0.0,0.096,2023-03-26 08:00:00
2025,0.0,0.0,0.302,2023-03-26 09:00:00
2026,0.0,0.0,0.403,2023-03-26 10:00:00
2027,0.0,0.0,0.353,2023-03-26 11:00:00
2028,0.067,0.0,0.807,2023-03-26 12:00:00
2029,0.09,0.0,0.726,2023-03-26 13:00:00
2030,0.0,0.0,0.319,2023-03-26 14:00:00
2031,0.018,0.0,0.608,2023-03-26 15:00:00
2032,0.0,0.0,0.281,2023-03-26 16:00:00
2033,0.116,0.0,0.356,2023-03-26 17:00:00
2034,0.338,0.0,0.121,2023-03-26 18:00:00
2035,0.647,0.0,0.008,2023-03-26 19:00:00
2036,0.94,0.0,0.0,2023-03-26 20:00:00
2037,0.6,0.0,0.0,2023-03-26 21:00:00
2038,0.0,0.48,0.0,2023-03-26 22:00:00
2039,0.0,0.532,0.0,2023-03-26 23:00:00
2040,0.0,0.526,0.0,2023-03-27 00:00:00
2041,0.0,0.527,0.0,2023-03-27 01:00:00
2042,0.0,0.561,0.0,2023-03-27 02:00:00
2043,0.0,0.313,0.0,2023-03-27 03:00:00
2044,0.0,0.256,0.0,2023-03-27 04:00:00
2045,0.0,0.246,0.0,2023-03-27 05:00:00
2046,0.0,0.238,0.0,2023-03-27 06:00:00
2047,0.0,1.572,0.004,2023-03-27 07:00:00
2048,0.168,0.0,0.205,2023-03-27 08:00:00
2049,0.0,0.0,0.248,2023-03-27 09:00:00
2050,0.0,0.0,0.251,2023-03-27 10:00:00
2051,0.0,0.0,0.383,2023-03-27 11:00:00
2052,0.479,0.0,0.719,2023-03-27 12:00:00
2053,0.0,0.0,0.255,2023-03-27 13:00:00
2054,0.0,0.0,0.242,2023-03-27 14:00:00
2055,0.0,0.0,0.24,2023-03-27 15:00:00
2056,0.0,0.0,0.241,2023-03-27 16:00:00
2057,0.0,0.0,0.252,2023-03-27 17:00:00
2058,0.206,0.0,0.1,2023-03-27 18:00:00
2059,0.551,0.0,0.014,2023-03-27 19:00:00
2060,1.063,0.0,0.0,2023-03-27 20:00:00
2061,0.941,0.0,0.0,2023-03-27 21:00:00
2062,0.0,0.651,0.0,2023-03-27 22:00:00
2063,0.0,0.517,0.0,2023-03-27 23:00:00
2064,0.0,0.486,0.0,2023-03-28 00:00:00
2065,0.0,0.496,0.0,2023-03-28 01:00:00
2066,0.0,0.506,0.0,2023-03-28 02:00:00
2067,0.0,0.331,0.0,2023-03-28 03:00:00
2068,0.0,0.244,0.0,2023-03-28 04:00:00
2069,0.0,0.229,0.0,2023-03-28 05:00:00
2070,0.0,0.224,0.0,2023-03-28 06:00:00
2071,0.0,1.705,0.004,2023-03-28 07:00:00
2072,0.117,0.0,0.207,2023-03-28 08:00:00
2073,0.31,0.0,0.394,2023-03-28 09:00:00
2074,0.0,0.0,0.369,2023-03-28 10:00:00
2075,0.0,0.0,0.397,2023-03-28 11:00:00
2076,0.0,0.0,0.682,2023-03-28 12:00:00
2077,0.0,0.0,0.366,2023-03-28 13:00:00
2078,0.0,0.0,0.315,2023-03-28 14:00:00
2079,0.0,0.0,0.323,2023-03-28 15:00:00
2080,0.0,0.0,0.322,2023-03-28 16:00:00
2081,0.005,0.0,0.313,2023-03-28 17:00:00
2082,0.416,0.0,0.134,2023-03-28 18:00:00
2083,0.864,0.0,0.023,2023-03-28 19:00:00
2084,1.004,0.0,0.0,2023-03-28 20:00:00
2085,0.678,0.0,0.0,2023-03-28 21:00:00
2086,0.0,0.692,0.0,2023-03-28 22:00:00
2087,0.0,0.579,0.0,2023-03-28 23:00:00
2088,0.0,0.531,0.0,2023-03-29 00:00:00
2089,0.0,0.256,0.0,2023-03-29 01:00:00
2090,0.0,0.256,0.0,2023-03-29 02:00:00
2091,0.0,0.25,0.0,2023-03-29 03:00:00
2092,0.0,0.246,0.0,2023-03-29 04:00:00
2093,0.0,0.244,0.0,2023-03-29 05:00:00
2094,0.0,0.233,0.0,2023-03-29 06:00:00
2095,0.0,1.371,0.007,2023-03-29 07:00:00
2096,0.334,0.0,0.12,2023-03-29 08:00:00
2097,0.111,0.0,0.203,2023-03-29 09:00:00
2098,1.425,0.0,0.554,2023-03-29 10:00:00
2099,0.246,0.0,0.469,2023-03-29 11:00:00
2100,0.0,0.0,0.458,2023-03-29 12:00:00
2101,0.0,0.0,0.336,2023-03-29 13:00:00
2102,0.0,0.0,0.326,2023-03-29 14:00:00
2103,0.0,0.0,0.323,2023-03-29 15:00:00
2104,0.309,0.0,0.422,2023-03-29 16:00:00
2105,0.103,0.0,0.218,2023-03-29 17:00:00
2106,0.22,0.0,0.054,2023-03-29 18:00:00
2107,0.314,0.0,0.0,2023-03-29 19:00:00
2108,0.424,0.0,0.0,2023-03-29 20:00:00
2109,0.454,0.0,0.0,2023-03-29 21:00:00
2110,0.0,0.553,0.0,2023-03-29 22:00:00
2111,0.0,0.544,0.0,2023-03-29 23:00:00
2112,0.0,0.433,0.0,2023-03-30 00:00:00
2113,0.0,0.275,0.0,2023-03-30 01:00:00
2114,0.0,0.254,0.0,2023-03-30 02:00:00
2115,0.0,0.246,0.0,2023-03-30 03:00:00
2116,0.0,0.234,0.0,2023-03-30 04:00:00
2117,0.0,0.291,0.0,2023-03-30 05:00:00
2118,0.0,0.239,0.0,2023-03-30 06:00:00
2119,0.0,1.197,0.003,2023-03-30 07:00:00
2120,1.026,0.0,0.105,2023-03-30 08:00:00
2121,0.047,0.0,0.239,2023-03-30 09:00:00
2122,0.0,0.0,0.186,2023-03-30 10:00:00
2123,0.0,0.0,0.253,2023-03-30 11:00:00
2124,0.0,0.0,0.242,2023-03-30 12:00:00
2125,0.0,0.0,0.244,2023-03-30 13:00:00
2126,0.0,0.0,0.241,2023-03-30 14:00:00
2127,0.0,0.0,0.239,2023-03-30 15:00:00
2128,0.0,0.0,0.23,2023-03-30 16:00:00
2129,0.053,0.0,0.197,2023-03-30 17:00:00
2130,0.656,0.0,0.09,2023-03-30 18:00:00
2131,1.304,0.0,0.001,2023-03-30 19:00:00
2132,0.997,0.0,0.0,2023-03-30 20:00:00
2133,0.637,0.0,0.0,2023-03-30 21:00:00
2134,0.0,0.605,0.0,2023-03-30 22:00:00
2135,0.0,0.49,0.0,2023-03-30 23:00:00
2136,0.0,0.835,0.0,2023-03-31 00:00:00
2137,0.0,0.485,0.0,2023-03-31 01:00:00
2138,0.0,0.474,0.0,2023-03-31 02:00:00
2139,0.0,0.455,0.0,2023-03-31 03:00:00
2140,0.0,0.278,0.0,2023-03-31 04:00:00
2141,0.0,0.248,0.0,2023-03-31 05:00:00
2142,0.0,0.244,0.0,2023-03-31 06:00:00
2143,0.0,0.508,0.001,2023-03-31 07:00:00
2144,0.57,0.0,0.055,2023-03-31 08:00:00
2145,0.168,0.0,0.236,2023-03-31 09:00:00
2146,0.659,0.0,0.376,2023-03-31 10:00:00
2147,0.0,0.0,0.445,2023-03-31 11:00:00
2148,0.022,0.0,0.414,2023-03-31 12:00:00
2149,0.172,0.0,0.341,2023-03-31 13:00:00
2150,0.027,0.0,0.392,2023-03-31 14:00:00
2151,0.013,0.0,0.674,2023-03-31 15:00:00
2152,0.074,0.0,0.615,2023-03-31 16:00:00
2153,0.857,0.0,0.354,2023-03-31 17:00:00
2154,1.431,0.0,0.141,2023-03-31 18:00:00
2155,0.949,0.0,0.028,2023-03-31 19:00:00
2156,0.557,0.0,0.0,2023-03-31 20:00:00
2157,1.21,0.0,0.0,2023-03-31 21:00:00
2158,0.0,0.392,0.0,2023-03-31 22:00:00
2159,0.0,0.245,0.0,2023-03-31 23:00:00
2160,0.0,0.244,0.0,2023-04-01 00:00:00
2161,0.0,0.251,0.0,2023-04-01 01:00:00
2162,0.0,0.294,0.0,2023-04-01 02:00:00
2163,0.0,0.306,0.0,2023-04-01 03:00:00
2164,0.0,0.249,0.0,2023-04-01 04:00:00
2165,0.0,0.27,0.0,2023-04-01 05:00:00
2166,0.0,0.356,0.0,2023-04-01 06:00:00
2167,0.0,0.236,0.001,2023-04-01 07:00:00
2168,0.22,0.0,0.026,2023-04-01 08:00:00
2169,0.136,0.0,0.124,2023-04-01 09:00:00
2170,1.2,0.0,0.246,2023-04-01 10:00:00
2171,1.029,0.0,0.328,2023-04-01 11:00:00
2172,0.037,0.0,0.316,2023-04-01 12:00:00
2173,0.335,0.0,0.23,2023-04-01 13:00:00
2174,0.382,0.0,0.369,2023-04-01 14:00:00
2175,0.121,0.0,0.446,2023-04-01 15:00:00
2176,0.257,0.0,0.267,2023-04-01 16:00:00
2177,0.115,0.0,0.364,2023-04-01 17:00:00
2178,0.378,0.0,0.154,2023-04-01 18:00:00
2179,0.537,0.0,0.011,2023-04-01 19:00:00
2180,0.433,0.0,0.0,2023-04-01 20:00:00
2181,0.477,0.0,0.0,2023-04-01 21:00:00
2182,0.0,0.514,0.0,2023-04-01 22:00:00
2183,0.0,0.492,0.0,2023-04-01 23:00:00
2184,0.0,0.516,0.0,2023-04-02 00:00:00
2185,0.0,0.248,0.0,2023-04-02 01:00:00
2186,0.0,0.239,0.0,2023-04-02 02:00:00
2187,0.0,0.244,0.0,2023-04-02 03:00:00
2188,0.0,0.241,0.0,2023-04-02 04:00:00
2189,0.0,0.239,0.0,2023-04-02 05:00:00
2190,0.0,0.234,0.0,2023-04-02 06:00:00
2191,0.0,0.209,0.022,2023-04-02 07:00:00
2192,0.018,0.0,0.211,2023-04-02 08:00:00
2193,0.055,0.0,0.593,2023-04-02 09:00:00
2194,0.161,0.0,0.843,2023-04-02 10:00:00
2195,0.222,0.0,1.06,2023-04-02 11:00:00
2196,0.619,0.0,1.161,2023-04-02 12:00:00
2197,0.236,0.0,0.79,2023-04-02 13:00:00
2198,0.11,0.0,0.652,2023-04-02 14:00:00
2199,0.0,0.0,0.293,2023-04-02 15:00:00
2200,0.015,0.0,0.465,2023-04-02 16:00:00
2201,0.034,0.0,0.429,2023-04-02 17:00:00
2202,0.909,0.0,0.149,2023-04-02 18:00:00
2203,1.95,0.0,0.026,2023-04-02 19:00:00
2204,0.812,0.0,0.0,2023-04-02 20:00:00
2205,0.703,0.0,0.0,2023-04-02 21:00:00
2206,0.0,1.031,0.0,2023-04-02 22:00:00
2207,0.0,1.275,0.0,2023-04-02 23:00:00
2208,0.0,0.566,0.0,2023-04-03 00:00:00
2209,0.0,0.355,0.0,2023-04-03 01:00:00
2210,0.0,0.265,0.0,2023-04-03 02:00:00
2211,0.0,0.233,0.0,2023-04-03 03:00:00
2212,0.0,0.235,0.0,2023-04-03 04:00:00
2213,0.0,0.234,0.0,2023-04-03 05:00:00
2214,0.0,0.239,0.0,2023-04-03 06:00:00
2215,0.0,1.632,0.039,2023-04-03 07:00:00
2216,0.188,0.0,0.165,2023-04-03 08:00:00
2217,0.0,0.0,0.228,2023-04-03 09:00:00
2218,0.0,0.0,0.233,2023-04-03 10:00:00
2219,0.0,0.0,0.23,2023-04-03 11:00:00
2220,0.0,0.0,0.234,2023-04-03 12:00:00
2221,0.0,0.0,0.238,2023-04-03 13:00:00
2222,0.0,0.0,0.334,2023-04-03 14:00:00
2223,0.0,0.0,0.246,2023-04-03 15:00:00
2224,0.007,0.0,0.225,2023-04-03 16:00:00
2225,0.102,0.0,0.132,2023-04-03 17:00:00
2226,0.96,0.0,0.039,2023-04-03 18:00:00
2227,2.651,0.0,0.003,2023-04-03 19:00:00
2228,0.571,0.0,0.0,2023-04-03 20:00:00
2229,0.607,0.0,0.0,2023-04-03 21:00:00
2230,0.0,0.56,0.0,2023-04-03 22:00:00
2231,0.0,0.512,0.0,2023-04-03 23:00:00
2232,0.0,0.498,0.0,2023-04-04 00:00:00
2233,0.0,0.499,0.0,2023-04-04 01:00:00
2234,0.0,0.448,0.0,2023-04-04 02:00:00
2235,0.0,0.26,0.0,2023-04-04 03:00:00
2236,0.0,0.248,0.0,2023-04-04 04:00:00
2237,0.0,0.25,0.0,2023-04-04 05:00:00
2238,0.0,0.254,0.0,2023-04-04 06:00:00
2239,0.0,0.598,0.027,2023-04-04 07:00:00
2240,0.438,0.0,0.232,2023-04-04 08:00:00
2241,0.0,0.0,0.284,2023-04-04 09:00:00
2242,0.0,0.0,0.337,2023-04-04 10:00:00
2243,0.0,0.0,0.251,2023-04-04 11:00:00
2244,0.524,0.0,0.337,2023-04-04 12:00:00
2245,0.0,0.0,0.309,2023-04-04 13:00:00
2246,0.0,0.0,0.321,2023-04-04 14:00:00
2247,0.0,0.0,0.319,2023-04-04 15:00:00
2248,0.0,0.0,0.307,2023-04-04 16:00:00
2249,0.0,0.0,0.33,2023-04-04 17:00:00
2250,0.207,0.0,0.137,2023-04-04 18:00:00
2251,0.953,0.0,0.012,2023-04-04 19:00:00
2252,0.915,0.0,0.0,2023-04-04 20:00:00
2253,0.479,0.0,0.0,2023-04-04 21:00:00
2254,0.0,0.497,0.0,2023-04-04 22:00:00
2255,0.0,0.487,0.0,2023-04-04 23:00:00
