,Normal (kWh),Horário Económico (kWh),Autoconsumo (kWh),Injeção na rede (kWh),Data & Hora
0,0.0,0.0,0.0,None,2021-09-29 00:00:00
1,0.0,0.0,0.0,None,2021-09-29 01:00:00
2,0.0,0.0,0.0,None,2021-09-29 02:00:00
3,0.0,0.0,0.0,None,2021-09-29 03:00:00
4,0.0,0.0,0.0,None,2021-09-29 04:00:00
5,0.0,0.0,0.0,None,2021-09-29 05:00:00
6,0.0,0.0,0.0,None,2021-09-29 06:00:00
7,0.0,0.0,0.0,None,2021-09-29 07:00:00
8,0.0,0.0,0.0,None,2021-09-29 08:00:00
9,0.0,0.0,0.0,None,2021-09-29 09:00:00
10,0.0,0.0,0.0,None,2021-09-29 10:00:00
11,0.0,0.0,0.0,None,2021-09-29 11:00:00
12,0.0,0.0,0.0,None,2021-09-29 12:00:00
13,0.0,0.0,0.0,None,2021-09-29 13:00:00
14,0.0,0.0,0.0,None,2021-09-29 14:00:00
15,0.215,0.0,0.0,None,2021-09-29 15:00:00
16,0.433,0.0,0.149,Low,2021-09-29 16:00:00
17,0.292,0.0,0.315,Low,2021-09-29 17:00:00
18,0.522,0.0,0.06,None,2021-09-29 18:00:00
19,0.581,0.0,0.0,None,2021-09-29 19:00:00
20,0.506,0.0,0.0,None,2021-09-29 20:00:00
21,0.534,0.0,0.0,None,2021-09-29 21:00:00
22,0.726,0.0,0.0,None,2021-09-29 22:00:00
23,0.662,0.0,0.0,None,2021-09-29 23:00:00
24,0.704,0.0,0.0,None,2021-09-30 00:00:00
25,0.466,0.0,0.0,None,2021-09-30 01:00:00
26,0.356,0.0,0.0,None,2021-09-30 02:00:00
27,0.355,0.0,0.0,None,2021-09-30 03:00:00
28,0.346,0.0,0.0,None,2021-09-30 04:00:00
29,0.351,0.0,0.0,None,2021-09-30 05:00:00
30,0.454,0.0,0.0,None,2021-09-30 06:00:00
31,0.372,0.0,0.002,None,2021-09-30 07:00:00
32,0.366,0.0,0.228,Medium,2021-09-30 08:00:00
33,0.0,0.0,0.268,High,2021-09-30 09:00:00
34,0.0,0.0,0.268,High,2021-09-30 10:00:00
35,0.0,0.0,0.278,Very High,2021-09-30 11:00:00
36,0.026,0.0,0.352,Very High,2021-09-30 12:00:00
37,0.003,0.0,0.378,High,2021-09-30 13:00:00
38,0.0,0.0,0.45,High,2021-09-30 14:00:00
39,0.0,0.0,0.42,High,2021-09-30 15:00:00
40,0.054,0.0,0.35,High,2021-09-30 16:00:00
41,0.105,0.0,0.216,Low,2021-09-30 17:00:00
42,0.419,0.0,0.032,None,2021-09-30 18:00:00
43,0.341,0.0,0.0,None,2021-09-30 19:00:00
44,0.585,0.0,0.0,None,2021-09-30 20:00:00
45,0.523,0.0,0.0,None,2021-09-30 21:00:00
46,0.562,0.0,0.0,None,2021-09-30 22:00:00
47,0.599,0.0,0.0,None,2021-09-30 23:00:00
48,0.611,0.0,0.0,None,2021-10-01 00:00:00
49,0.557,0.0,0.0,None,2021-10-01 01:00:00
50,0.446,0.0,0.0,None,2021-10-01 02:00:00
51,0.336,0.0,0.0,None,2021-10-01 03:00:00
52,0.306,0.0,0.0,None,2021-10-01 04:00:00
53,0.268,0.0,0.0,None,2021-10-01 05:00:00
54,0.279,0.0,0.0,None,2021-10-01 06:00:00
55,0.281,0.0,0.0,None,2021-10-01 07:00:00
56,0.585,0.0,0.047,None,2021-10-01 08:00:00
57,0.064,0.0,0.187,Low,2021-10-01 09:00:00
58,0.005,0.0,0.248,High,2021-10-01 10:00:00
59,0.0,0.0,0.258,Very High,2021-10-01 11:00:00
60,0.0,0.0,0.262,Very High,2021-10-01 12:00:00
61,0.025,0.0,0.329,Very High,2021-10-01 13:00:00
62,0.014,0.0,0.34,High,2021-10-01 14:00:00
63,0.02,0.0,0.373,High,2021-10-01 15:00:00
64,0.052,0.0,0.376,Medium,2021-10-01 16:00:00
65,0.189,0.0,0.267,Low,2021-10-01 17:00:00
66,0.714,0.0,0.034,None,2021-10-01 18:00:00
67,0.422,0.0,0.0,None,2021-10-01 19:00:00
68,0.374,0.0,0.0,None,2021-10-01 20:00:00
69,0.255,0.0,0.0,None,2021-10-01 21:00:00
70,0.324,0.0,0.0,None,2021-10-01 22:00:00
71,0.331,0.0,0.0,None,2021-10-01 23:00:00
72,0.328,0.0,0.0,None,2021-10-02 00:00:00
73,0.526,0.0,0.0,None,2021-10-02 01:00:00
74,0.328,0.0,0.0,None,2021-10-02 02:00:00
75,0.262,0.0,0.0,None,2021-10-02 03:00:00
76,0.256,0.0,0.0,None,2021-10-02 04:00:00
77,0.256,0.0,0.0,None,2021-10-02 05:00:00
78,0.287,0.0,0.0,None,2021-10-02 06:00:00
79,0.377,0.0,0.0,None,2021-10-02 07:00:00
80,0.215,0.0,0.064,None,2021-10-02 08:00:00
81,0.087,0.0,0.167,Low,2021-10-02 09:00:00
82,0.052,0.0,0.201,Low,2021-10-02 10:00:00
83,0.099,0.0,0.27,Medium,2021-10-02 11:00:00
84,0.265,0.0,0.29,Low,2021-10-02 12:00:00
85,0.741,0.0,0.214,None,2021-10-02 13:00:00
86,0.202,0.0,0.261,Low,2021-10-02 14:00:00
87,0.735,0.0,0.244,Low,2021-10-02 15:00:00
88,0.936,0.0,0.144,None,2021-10-02 16:00:00
89,0.418,0.0,0.056,None,2021-10-02 17:00:00
90,0.388,0.0,0.016,None,2021-10-02 18:00:00
91,0.52,0.0,0.0,None,2021-10-02 19:00:00
92,0.477,0.0,0.0,None,2021-10-02 20:00:00
93,0.55,0.0,0.0,None,2021-10-02 21:00:00
94,0.32,0.0,0.0,None,2021-10-02 22:00:00
95,0.352,0.0,0.0,None,2021-10-02 23:00:00
96,0.472,0.0,0.0,None,2021-10-03 00:00:00
97,0.429,0.0,0.0,None,2021-10-03 01:00:00
98,0.281,0.0,0.0,None,2021-10-03 02:00:00
99,0.337,0.0,0.0,None,2021-10-03 03:00:00
100,0.277,0.0,0.0,None,2021-10-03 04:00:00
101,0.263,0.0,0.0,None,2021-10-03 05:00:00
102,0.259,0.0,0.0,None,2021-10-03 06:00:00
103,0.259,0.0,0.002,None,2021-10-03 07:00:00
104,0.047,0.0,0.221,Medium,2021-10-03 08:00:00
105,0.015,0.0,0.299,High,2021-10-03 09:00:00
106,0.053,0.0,0.402,High,2021-10-03 10:00:00
107,0.236,0.0,0.502,High,2021-10-03 11:00:00
108,0.958,0.0,0.621,Medium,2021-10-03 12:00:00
109,0.57,0.0,0.417,Medium,2021-10-03 13:00:00
110,0.384,0.0,0.21,Medium,2021-10-03 14:00:00
111,0.205,0.0,0.278,Medium,2021-10-03 15:00:00
112,0.163,0.0,0.173,Medium,2021-10-03 16:00:00
113,0.329,0.0,0.194,None,2021-10-03 17:00:00
114,0.358,0.0,0.034,None,2021-10-03 18:00:00
115,0.472,0.0,0.0,None,2021-10-03 19:00:00
116,0.516,0.0,0.0,None,2021-10-03 20:00:00
117,0.489,0.0,0.0,None,2021-10-03 21:00:00
118,0.573,0.0,0.0,None,2021-10-03 22:00:00
119,0.591,0.0,0.0,None,2021-10-03 23:00:00
120,0.548,0.0,0.0,None,2021-10-04 00:00:00
121,0.527,0.0,0.0,None,2021-10-04 01:00:00
122,0.334,0.0,0.0,None,2021-10-04 02:00:00
123,0.34,0.0,0.0,None,2021-10-04 03:00:00
124,0.333,0.0,0.0,None,2021-10-04 04:00:00
125,0.337,0.0,0.0,None,2021-10-04 05:00:00
126,0.319,0.0,0.0,None,2021-10-04 06:00:00
127,0.33,0.0,0.002,None,2021-10-04 07:00:00
128,0.447,0.0,0.048,None,2021-10-04 08:00:00
129,0.372,0.0,0.129,None,2021-10-04 09:00:00
130,0.024,0.0,0.337,Medium,2021-10-04 10:00:00
131,0.013,0.0,0.298,Medium,2021-10-04 11:00:00
132,0.001,0.0,0.311,Medium,2021-10-04 12:00:00
133,0.182,0.0,0.237,None,2021-10-04 13:00:00
134,0.029,0.0,0.484,Medium,2021-10-04 14:00:00
135,0.084,0.0,0.424,Medium,2021-10-04 15:00:00
136,0.052,0.0,0.403,Medium,2021-10-04 16:00:00
137,0.25,0.0,0.237,Medium,2021-10-04 17:00:00
138,0.364,0.0,0.039,None,2021-10-04 18:00:00
139,0.638,0.0,0.0,None,2021-10-04 19:00:00
140,0.664,0.0,0.0,None,2021-10-04 20:00:00
141,0.699,0.0,0.0,None,2021-10-04 21:00:00
142,0.734,0.0,0.0,None,2021-10-04 22:00:00
143,0.5,0.0,0.0,None,2021-10-04 23:00:00
144,0.546,0.0,0.0,None,2021-10-05 00:00:00
145,0.492,0.0,0.0,None,2021-10-05 01:00:00
146,0.32,0.0,0.0,None,2021-10-05 02:00:00
147,0.319,0.0,0.0,None,2021-10-05 03:00:00
148,0.317,0.0,0.0,None,2021-10-05 04:00:00
149,0.316,0.0,0.0,None,2021-10-05 05:00:00
150,0.31,0.0,0.0,None,2021-10-05 06:00:00
151,0.312,0.0,0.001,None,2021-10-05 07:00:00
152,0.255,0.0,0.067,None,2021-10-05 08:00:00
153,0.151,0.0,0.188,Low,2021-10-05 09:00:00
154,0.271,0.0,0.216,None,2021-10-05 10:00:00
155,0.188,0.0,0.281,Low,2021-10-05 11:00:00
156,0.007,0.0,0.467,High,2021-10-05 12:00:00
157,0.228,0.0,0.588,High,2021-10-05 13:00:00
158,0.2,0.0,0.406,Medium,2021-10-05 14:00:00
159,0.065,0.0,0.424,High,2021-10-05 15:00:00
160,0.458,0.0,0.181,Low,2021-10-05 16:00:00
161,0.339,0.0,0.202,None,2021-10-05 17:00:00
162,0.444,0.0,0.041,None,2021-10-05 18:00:00
163,0.547,0.0,0.0,None,2021-10-05 19:00:00
164,0.969,0.0,0.0,None,2021-10-05 20:00:00
165,1.157,0.0,0.0,None,2021-10-05 21:00:00
166,0.966,0.0,0.0,None,2021-10-05 22:00:00
167,0.918,0.0,0.0,None,2021-10-05 23:00:00
168,0.935,0.0,0.0,None,2021-10-06 00:00:00
169,0.698,0.0,0.0,None,2021-10-06 01:00:00
170,0.541,0.0,0.0,None,2021-10-06 02:00:00
171,0.41,0.0,0.0,None,2021-10-06 03:00:00
172,0.401,0.0,0.0,None,2021-10-06 04:00:00
173,0.409,0.0,0.0,None,2021-10-06 05:00:00
174,0.401,0.0,0.0,None,2021-10-06 06:00:00
175,0.402,0.0,0.001,None,2021-10-06 07:00:00
176,0.401,0.0,0.252,Low,2021-10-06 08:00:00
177,0.001,0.0,0.401,Medium,2021-10-06 09:00:00
178,0.0,0.0,0.33,High,2021-10-06 10:00:00
179,0.0,0.0,0.312,Very High,2021-10-06 11:00:00
180,0.0,0.0,0.318,Very High,2021-10-06 12:00:00
181,0.005,0.0,0.323,Very High,2021-10-06 13:00:00
182,0.01,0.0,0.424,High,2021-10-06 14:00:00
183,0.0,0.0,0.407,High,2021-10-06 15:00:00
184,0.0,0.0,0.42,Medium,2021-10-06 16:00:00
185,0.344,0.0,0.256,None,2021-10-06 17:00:00
186,1.276,0.0,0.018,None,2021-10-06 18:00:00
187,0.697,0.0,0.0,None,2021-10-06 19:00:00
188,0.47,0.0,0.0,None,2021-10-06 20:00:00
189,0.516,0.0,0.0,None,2021-10-06 21:00:00
190,0.395,0.0,0.0,None,2021-10-06 22:00:00
191,0.486,0.0,0.0,None,2021-10-06 23:00:00
192,0.601,0.0,0.0,None,2021-10-07 00:00:00
193,0.369,0.0,0.0,None,2021-10-07 01:00:00
194,0.311,0.0,0.0,None,2021-10-07 02:00:00
195,0.309,0.0,0.0,None,2021-10-07 03:00:00
196,0.311,0.0,0.0,None,2021-10-07 04:00:00
197,0.309,0.0,0.0,None,2021-10-07 05:00:00
198,0.409,0.0,0.0,None,2021-10-07 06:00:00
199,0.412,0.0,0.001,None,2021-10-07 07:00:00
200,0.241,0.0,0.244,Low,2021-10-07 08:00:00
201,0.026,0.0,0.327,High,2021-10-07 09:00:00
202,0.0,0.0,0.331,High,2021-10-07 10:00:00
203,0.0,0.0,0.325,Very High,2021-10-07 11:00:00
204,0.0,0.0,0.325,Very High,2021-10-07 12:00:00
205,0.236,0.0,0.499,High,2021-10-07 13:00:00
206,0.507,0.0,0.64,High,2021-10-07 14:00:00
207,0.0,0.0,0.385,High,2021-10-07 15:00:00
208,0.0,0.0,0.33,Medium,2021-10-07 16:00:00
209,0.092,0.0,0.238,Low,2021-10-07 17:00:00
210,0.437,0.0,0.017,None,2021-10-07 18:00:00
211,0.684,0.0,0.0,None,2021-10-07 19:00:00
212,0.75,0.0,0.0,None,2021-10-07 20:00:00
213,0.682,0.0,0.0,None,2021-10-07 21:00:00
214,0.573,0.0,0.0,None,2021-10-07 22:00:00
215,0.577,0.0,0.0,None,2021-10-07 23:00:00
216,0.426,0.0,0.0,None,2021-10-08 00:00:00
217,0.376,0.0,0.0,None,2021-10-08 01:00:00
218,0.379,0.0,0.0,None,2021-10-08 02:00:00
219,0.353,0.0,0.0,None,2021-10-08 03:00:00
220,0.334,0.0,0.0,None,2021-10-08 04:00:00
221,0.333,0.0,0.0,None,2021-10-08 05:00:00
222,0.319,0.0,0.0,None,2021-10-08 06:00:00
223,0.344,0.0,0.0,None,2021-10-08 07:00:00
224,0.356,0.0,0.214,Low,2021-10-08 08:00:00
225,0.0,0.0,0.323,High,2021-10-08 09:00:00
226,0.0,0.0,0.32,High,2021-10-08 10:00:00
227,0.0,0.0,0.325,Very High,2021-10-08 11:00:00
228,0.0,0.0,0.33,Very High,2021-10-08 12:00:00
229,0.008,0.0,0.38,Very High,2021-10-08 13:00:00
230,0.0,0.0,0.381,High,2021-10-08 14:00:00
231,0.0,0.0,0.364,High,2021-10-08 15:00:00
232,0.003,0.0,0.376,Medium,2021-10-08 16:00:00
233,0.208,0.0,0.231,None,2021-10-08 17:00:00
234,0.458,0.0,0.017,None,2021-10-08 18:00:00
235,0.949,0.0,0.0,None,2021-10-08 19:00:00
236,0.882,0.0,0.0,None,2021-10-08 20:00:00
237,0.589,0.0,0.0,None,2021-10-08 21:00:00
238,0.527,0.0,0.0,None,2021-10-08 22:00:00
239,0.445,0.0,0.0,None,2021-10-08 23:00:00
240,0.375,0.0,0.0,None,2021-10-09 00:00:00
241,0.384,0.0,0.0,None,2021-10-09 01:00:00
242,0.463,0.0,0.0,None,2021-10-09 02:00:00
243,0.413,0.0,0.0,None,2021-10-09 03:00:00
244,0.34,0.0,0.0,None,2021-10-09 04:00:00
245,0.323,0.0,0.0,None,2021-10-09 05:00:00
246,0.314,0.0,0.0,None,2021-10-09 06:00:00
247,0.374,0.0,0.0,None,2021-10-09 07:00:00
248,0.232,0.0,0.09,None,2021-10-09 08:00:00
249,0.242,0.0,0.304,Medium,2021-10-09 09:00:00
250,0.0,0.0,0.455,High,2021-10-09 10:00:00
251,0.222,0.0,0.562,High,2021-10-09 11:00:00
252,0.0,0.0,0.341,Very High,2021-10-09 12:00:00
253,0.0,0.0,0.337,Very High,2021-10-09 13:00:00
254,0.0,0.0,0.334,High,2021-10-09 14:00:00
255,0.143,0.0,0.562,Medium,2021-10-09 15:00:00
256,0.075,0.0,0.476,Medium,2021-10-09 16:00:00
257,0.391,0.0,0.178,Low,2021-10-09 17:00:00
258,0.49,0.0,0.03,None,2021-10-09 18:00:00
259,1.089,0.0,0.0,None,2021-10-09 19:00:00
260,0.985,0.0,0.0,None,2021-10-09 20:00:00
261,0.732,0.0,0.0,None,2021-10-09 21:00:00
262,0.685,0.0,0.0,None,2021-10-09 22:00:00
263,0.666,0.0,0.0,None,2021-10-09 23:00:00
264,0.735,0.0,0.0,None,2021-10-10 00:00:00
265,0.566,0.0,0.0,None,2021-10-10 01:00:00
266,0.323,0.0,0.0,None,2021-10-10 02:00:00
267,0.274,0.0,0.0,None,2021-10-10 03:00:00
268,0.275,0.0,0.0,None,2021-10-10 04:00:00
269,0.274,0.0,0.0,None,2021-10-10 05:00:00
270,0.272,0.0,0.0,None,2021-10-10 06:00:00
271,0.27,0.0,0.001,None,2021-10-10 07:00:00
272,0.088,0.0,0.199,Low,2021-10-10 08:00:00
273,0.063,0.0,0.315,High,2021-10-10 09:00:00
274,0.027,0.0,0.321,High,2021-10-10 10:00:00
275,0.153,0.0,0.457,High,2021-10-10 11:00:00
276,0.958,0.0,1.016,Medium,2021-10-10 12:00:00
277,0.007,0.0,0.509,High,2021-10-10 13:00:00
278,0.014,0.0,0.388,Very High,2021-10-10 14:00:00
279,0.01,0.0,0.447,High,2021-10-10 15:00:00
280,0.016,0.0,0.346,High,2021-10-10 16:00:00
281,0.139,0.0,0.175,Low,2021-10-10 17:00:00
282,0.326,0.0,0.02,None,2021-10-10 18:00:00
283,0.489,0.0,0.0,None,2021-10-10 19:00:00
284,0.451,0.0,0.0,None,2021-10-10 20:00:00
285,0.635,0.0,0.0,None,2021-10-10 21:00:00
286,0.567,0.0,0.0,None,2021-10-10 22:00:00
287,0.556,0.0,0.0,None,2021-10-10 23:00:00
288,0.547,0.0,0.0,None,2021-10-11 00:00:00
289,0.627,0.0,0.0,None,2021-10-11 01:00:00
290,0.425,0.0,0.0,None,2021-10-11 02:00:00
291,0.36,0.0,0.0,None,2021-10-11 03:00:00
292,0.366,0.0,0.0,None,2021-10-11 04:00:00
293,0.37,0.0,0.0,None,2021-10-11 05:00:00
294,0.361,0.0,0.0,None,2021-10-11 06:00:00
295,0.382,0.0,0.002,None,2021-10-11 07:00:00
296,0.279,0.0,0.209,Medium,2021-10-11 08:00:00
297,0.001,0.0,0.255,Medium,2021-10-11 09:00:00
298,0.0,0.0,0.263,High,2021-10-11 10:00:00
299,0.0,0.0,0.264,Very High,2021-10-11 11:00:00
300,0.0,0.0,0.265,Very High,2021-10-11 12:00:00
301,0.0,0.0,0.267,Very High,2021-10-11 13:00:00
302,0.006,0.0,0.287,Very High,2021-10-11 14:00:00
303,0.001,0.0,0.318,High,2021-10-11 15:00:00
304,0.037,0.0,0.337,Medium,2021-10-11 16:00:00
305,0.262,0.0,0.119,Low,2021-10-11 17:00:00
306,0.295,0.0,0.015,None,2021-10-11 18:00:00
307,1.151,0.0,0.0,None,2021-10-11 19:00:00
308,0.566,0.0,0.0,None,2021-10-11 20:00:00
309,0.577,0.0,0.0,None,2021-10-11 21:00:00
310,0.444,0.0,0.0,None,2021-10-11 22:00:00
311,0.417,0.0,0.0,None,2021-10-11 23:00:00
312,0.445,0.0,0.0,None,2021-10-12 00:00:00
313,0.415,0.0,0.0,None,2021-10-12 01:00:00
314,0.432,0.0,0.0,None,2021-10-12 02:00:00
315,0.298,0.0,0.0,None,2021-10-12 03:00:00
316,0.261,0.0,0.0,None,2021-10-12 04:00:00
317,0.253,0.0,0.0,None,2021-10-12 05:00:00
318,0.29,0.0,0.0,None,2021-10-12 06:00:00
319,0.263,0.0,0.0,None,2021-10-12 07:00:00
320,0.307,0.0,0.16,Low,2021-10-12 08:00:00
321,0.0,0.0,0.261,High,2021-10-12 09:00:00
322,0.0,0.0,0.266,High,2021-10-12 10:00:00
323,0.0,0.0,0.273,Very High,2021-10-12 11:00:00
324,0.0,0.0,0.267,Very High,2021-10-12 12:00:00
325,0.009,0.0,0.425,Very High,2021-10-12 13:00:00
326,0.405,0.0,0.63,High,2021-10-12 14:00:00
327,0.417,0.0,0.538,High,2021-10-12 15:00:00
328,0.006,0.0,0.391,Medium,2021-10-12 16:00:00
329,0.241,0.0,0.208,Low,2021-10-12 17:00:00
330,0.454,0.0,0.012,None,2021-10-12 18:00:00
331,1.244,0.0,0.0,None,2021-10-12 19:00:00
332,0.78,0.0,0.0,None,2021-10-12 20:00:00
333,0.472,0.0,0.0,None,2021-10-12 21:00:00
334,0.511,0.0,0.0,None,2021-10-12 22:00:00
335,0.451,0.0,0.0,None,2021-10-12 23:00:00
336,0.435,0.0,0.0,None,2021-10-13 00:00:00
337,0.508,0.0,0.0,None,2021-10-13 01:00:00
338,0.375,0.0,0.0,None,2021-10-13 02:00:00
339,0.377,0.0,0.0,None,2021-10-13 03:00:00
340,0.463,0.0,0.0,None,2021-10-13 04:00:00
341,0.359,0.0,0.0,None,2021-10-13 05:00:00
342,0.352,0.0,0.0,None,2021-10-13 06:00:00
343,0.397,0.0,0.0,None,2021-10-13 07:00:00
344,0.405,0.0,0.188,Low,2021-10-13 08:00:00
345,0.024,0.0,0.266,High,2021-10-13 09:00:00
346,0.0,0.0,0.303,High,2021-10-13 10:00:00
347,0.0,0.0,0.303,Very High,2021-10-13 11:00:00
348,0.16,0.0,0.51,High,2021-10-13 12:00:00
349,0.028,0.0,0.422,Very High,2021-10-13 13:00:00
350,0.0,0.0,0.266,Very High,2021-10-13 14:00:00
351,0.0,0.0,0.26,High,2021-10-13 15:00:00
352,0.0,0.0,0.254,High,2021-10-13 16:00:00
353,0.112,0.0,0.187,Low,2021-10-13 17:00:00
354,0.333,0.0,0.011,None,2021-10-13 18:00:00
355,0.576,0.0,0.0,None,2021-10-13 19:00:00
356,0.595,0.0,0.0,None,2021-10-13 20:00:00
357,0.726,0.0,0.0,None,2021-10-13 21:00:00
358,0.395,0.0,0.0,None,2021-10-13 22:00:00
359,0.516,0.0,0.0,None,2021-10-13 23:00:00
360,0.396,0.0,0.0,None,2021-10-14 00:00:00
361,0.394,0.0,0.0,None,2021-10-14 01:00:00
362,0.398,0.0,0.0,None,2021-10-14 02:00:00
363,0.328,0.0,0.0,None,2021-10-14 03:00:00
364,0.318,0.0,0.0,None,2021-10-14 04:00:00
365,0.306,0.0,0.0,None,2021-10-14 05:00:00
366,0.301,0.0,0.0,None,2021-10-14 06:00:00
367,0.317,0.0,0.0,None,2021-10-14 07:00:00
368,0.186,0.0,0.194,Low,2021-10-14 08:00:00
369,0.003,0.0,0.343,Medium,2021-10-14 09:00:00
370,0.0,0.0,0.351,High,2021-10-14 10:00:00
371,0.001,0.0,0.294,High,2021-10-14 11:00:00
372,0.63,0.0,0.578,Medium,2021-10-14 12:00:00
373,0.461,0.0,0.51,Medium,2021-10-14 13:00:00
374,0.079,0.0,0.377,High,2021-10-14 14:00:00
375,0.0,0.0,0.345,High,2021-10-14 15:00:00
376,0.017,0.0,0.253,Medium,2021-10-14 16:00:00
377,0.113,0.0,0.17,Low,2021-10-14 17:00:00
378,0.618,0.0,0.014,None,2021-10-14 18:00:00
379,0.96,0.0,0.0,None,2021-10-14 19:00:00
380,0.94,0.0,0.0,None,2021-10-14 20:00:00
381,0.61,0.0,0.0,None,2021-10-14 21:00:00
382,0.842,0.0,0.0,None,2021-10-14 22:00:00
383,0.496,0.0,0.0,None,2021-10-14 23:00:00
384,0.438,0.0,0.0,None,2021-10-15 00:00:00
385,0.323,0.0,0.0,None,2021-10-15 01:00:00
386,0.268,0.0,0.0,None,2021-10-15 02:00:00
387,0.268,0.0,0.0,None,2021-10-15 03:00:00
388,0.252,0.0,0.0,None,2021-10-15 04:00:00
389,0.252,0.0,0.0,None,2021-10-15 05:00:00
390,0.251,0.0,0.0,None,2021-10-15 06:00:00
391,0.272,0.0,0.001,None,2021-10-15 07:00:00
392,0.752,0.0,0.124,Low,2021-10-15 08:00:00
393,0.007,0.0,0.266,Medium,2021-10-15 09:00:00
394,0.0,0.0,0.258,High,2021-10-15 10:00:00
395,0.02,0.0,0.279,Very High,2021-10-15 11:00:00
396,0.022,0.0,0.351,Very High,2021-10-15 12:00:00
397,0.0,0.0,0.263,Very High,2021-10-15 13:00:00
398,0.014,0.0,0.362,High,2021-10-15 14:00:00
399,0.0,0.0,0.265,High,2021-10-15 15:00:00
400,0.002,0.0,0.259,High,2021-10-15 16:00:00
401,0.936,0.0,0.184,Low,2021-10-15 17:00:00
402,0.825,0.0,0.006,None,2021-10-15 18:00:00
403,0.413,0.0,0.0,None,2021-10-15 19:00:00
404,0.41,0.0,0.0,None,2021-10-15 20:00:00
405,0.41,0.0,0.0,None,2021-10-15 21:00:00
406,0.474,0.0,0.0,None,2021-10-15 22:00:00
407,0.444,0.0,0.0,None,2021-10-15 23:00:00
408,0.438,0.0,0.0,None,2021-10-16 00:00:00
409,0.334,0.0,0.0,None,2021-10-16 01:00:00
410,0.315,0.0,0.0,None,2021-10-16 02:00:00
411,0.253,0.0,0.0,None,2021-10-16 03:00:00
412,0.252,0.0,0.0,None,2021-10-16 04:00:00
413,0.251,0.0,0.0,None,2021-10-16 05:00:00
414,0.249,0.0,0.0,None,2021-10-16 06:00:00
415,0.258,0.0,0.0,None,2021-10-16 07:00:00
416,0.396,0.0,0.04,None,2021-10-16 08:00:00
417,0.125,0.0,0.174,None,2021-10-16 09:00:00
418,0.035,0.0,0.227,Low,2021-10-16 10:00:00
419,0.102,0.0,0.278,Low,2021-10-16 11:00:00
420,0.57,0.0,0.267,None,2021-10-16 12:00:00
421,0.564,0.0,0.319,Low,2021-10-16 13:00:00
422,0.074,0.0,0.332,Low,2021-10-16 14:00:00
423,0.163,0.0,0.236,None,2021-10-16 15:00:00
424,0.152,0.0,0.116,None,2021-10-16 16:00:00
425,0.222,0.0,0.027,None,2021-10-16 17:00:00
426,0.322,0.0,0.0,None,2021-10-16 18:00:00
427,0.432,0.0,0.0,None,2021-10-16 19:00:00
428,0.436,0.0,0.0,None,2021-10-16 20:00:00
429,0.254,0.0,0.0,None,2021-10-16 21:00:00
430,0.253,0.0,0.0,None,2021-10-16 22:00:00
431,0.253,0.0,0.0,None,2021-10-16 23:00:00
432,1.038,0.0,0.0,None,2021-10-17 00:00:00
433,0.48,0.0,0.0,None,2021-10-17 01:00:00
434,0.334,0.0,0.0,None,2021-10-17 02:00:00
435,0.335,0.0,0.0,None,2021-10-17 03:00:00
436,0.254,0.0,0.0,None,2021-10-17 04:00:00
437,0.268,0.0,0.0,None,2021-10-17 05:00:00
438,0.322,0.0,0.0,None,2021-10-17 06:00:00
439,0.299,0.0,0.0,None,2021-10-17 07:00:00
440,0.244,0.0,0.011,None,2021-10-17 08:00:00
441,0.201,0.0,0.075,None,2021-10-17 09:00:00
442,0.249,0.0,0.137,None,2021-10-17 10:00:00
443,0.155,0.0,0.225,Medium,2021-10-17 11:00:00
444,0.507,0.0,0.32,Low,2021-10-17 12:00:00
445,1.004,0.0,0.273,None,2021-10-17 13:00:00
446,0.115,0.0,0.178,None,2021-10-17 14:00:00
447,0.165,0.0,0.146,None,2021-10-17 15:00:00
448,0.433,0.0,0.094,None,2021-10-17 16:00:00
449,0.619,0.0,0.02,None,2021-10-17 17:00:00
450,0.666,0.0,0.0,None,2021-10-17 18:00:00
451,2.077,0.0,0.0,None,2021-10-17 19:00:00
452,0.904,0.0,0.0,None,2021-10-17 20:00:00
453,0.688,0.0,0.0,None,2021-10-17 21:00:00
454,0.543,0.0,0.0,None,2021-10-17 22:00:00
455,0.418,0.0,0.0,None,2021-10-17 23:00:00
456,0.53,0.0,0.0,None,2021-10-18 00:00:00
457,0.427,0.0,0.0,None,2021-10-18 01:00:00
458,0.323,0.0,0.0,None,2021-10-18 02:00:00
459,0.326,0.0,0.0,None,2021-10-18 03:00:00
460,0.274,0.0,0.0,None,2021-10-18 04:00:00
461,0.269,0.0,0.0,None,2021-10-18 05:00:00
462,0.267,0.0,0.0,None,2021-10-18 06:00:00
463,0.288,0.0,0.0,None,2021-10-18 07:00:00
464,0.421,0.0,0.076,None,2021-10-18 08:00:00
465,0.026,0.0,0.226,Low,2021-10-18 09:00:00
466,0.0,0.0,0.253,Medium,2021-10-18 10:00:00
467,0.0,0.0,0.254,High,2021-10-18 11:00:00
468,0.0,0.0,0.268,High,2021-10-18 12:00:00
469,0.0,0.0,0.278,High,2021-10-18 13:00:00
470,0.018,0.0,0.326,High,2021-10-18 14:00:00
471,0.027,0.0,0.371,Medium,2021-10-18 15:00:00
472,0.025,0.0,0.37,Medium,2021-10-18 16:00:00
473,0.149,0.0,0.191,None,2021-10-18 17:00:00
474,0.31,0.0,0.024,None,2021-10-18 18:00:00
475,1.087,0.0,0.0,None,2021-10-18 19:00:00
476,0.727,0.0,0.0,None,2021-10-18 20:00:00
477,0.6,0.0,0.0,None,2021-10-18 21:00:00
478,0.534,0.0,0.0,None,2021-10-18 22:00:00
479,0.637,0.0,0.0,None,2021-10-18 23:00:00
480,0.342,0.0,0.0,None,2021-10-19 00:00:00
481,0.317,0.0,0.0,None,2021-10-19 01:00:00
482,0.315,0.0,0.0,None,2021-10-19 02:00:00
483,0.263,0.0,0.0,None,2021-10-19 03:00:00
484,0.283,0.0,0.0,None,2021-10-19 04:00:00
485,0.275,0.0,0.0,None,2021-10-19 05:00:00
486,0.256,0.0,0.0,None,2021-10-19 06:00:00
487,0.273,0.0,0.0,None,2021-10-19 07:00:00
488,0.429,0.0,0.125,Low,2021-10-19 08:00:00
489,0.0,0.0,0.339,Medium,2021-10-19 09:00:00
490,0.0,0.0,0.341,High,2021-10-19 10:00:00
491,0.0,0.0,0.344,High,2021-10-19 11:00:00
492,0.0,0.0,0.351,Very High,2021-10-19 12:00:00
493,0.3,0.0,0.569,High,2021-10-19 13:00:00
494,0.012,0.0,0.433,High,2021-10-19 14:00:00
495,0.0,0.0,0.341,High,2021-10-19 15:00:00
496,0.026,0.0,0.342,Medium,2021-10-19 16:00:00
497,0.254,0.0,0.173,Low,2021-10-19 17:00:00
498,0.331,0.0,0.006,None,2021-10-19 18:00:00
499,0.439,0.0,0.0,None,2021-10-19 19:00:00
500,0.418,0.0,0.0,None,2021-10-19 20:00:00
501,0.376,0.0,0.0,None,2021-10-19 21:00:00
502,0.416,0.0,0.0,None,2021-10-19 22:00:00
503,0.378,0.0,0.0,None,2021-10-19 23:00:00
504,0.256,0.0,0.0,None,2021-10-20 00:00:00
505,0.28,0.0,0.0,None,2021-10-20 01:00:00
506,0.259,0.0,0.0,None,2021-10-20 02:00:00
507,0.255,0.0,0.0,None,2021-10-20 03:00:00
508,0.253,0.0,0.0,None,2021-10-20 04:00:00
509,0.252,0.0,0.0,None,2021-10-20 05:00:00
510,0.252,0.0,0.0,None,2021-10-20 06:00:00
511,0.627,0.0,0.0,None,2021-10-20 07:00:00
512,0.301,0.0,0.013,None,2021-10-20 08:00:00
513,0.208,0.0,0.057,None,2021-10-20 09:00:00
514,0.175,0.0,0.09,None,2021-10-20 10:00:00
515,0.154,0.0,0.111,None,2021-10-20 11:00:00
516,0.062,0.0,0.21,Medium,2021-10-20 12:00:00
517,0.019,0.0,0.256,High,2021-10-20 13:00:00
518,0.031,0.0,0.278,High,2021-10-20 14:00:00
519,0.026,0.0,0.273,High,2021-10-20 15:00:00
520,0.056,0.0,0.194,Low,2021-10-20 16:00:00
521,0.25,0.0,0.113,None,2021-10-20 17:00:00
522,0.348,0.0,0.011,None,2021-10-20 18:00:00
523,1.07,0.0,0.0,None,2021-10-20 19:00:00
524,0.767,0.0,0.0,None,2021-10-20 20:00:00
525,0.755,0.0,0.0,None,2021-10-20 21:00:00
526,0.666,0.0,0.0,None,2021-10-20 22:00:00
527,0.371,0.0,0.0,None,2021-10-20 23:00:00
528,0.372,0.0,0.0,None,2021-10-21 00:00:00
529,0.366,0.0,0.0,None,2021-10-21 01:00:00
530,0.349,0.0,0.0,None,2021-10-21 02:00:00
531,0.307,0.0,0.0,None,2021-10-21 03:00:00
532,0.315,0.0,0.0,None,2021-10-21 04:00:00
533,0.314,0.0,0.0,None,2021-10-21 05:00:00
534,0.302,0.0,0.0,None,2021-10-21 06:00:00
535,0.422,0.0,0.0,None,2021-10-21 07:00:00
536,0.336,0.0,0.136,None,2021-10-21 08:00:00
537,0.129,0.0,0.317,Medium,2021-10-21 09:00:00
538,0.003,0.0,0.395,Medium,2021-10-21 10:00:00
539,0.0,0.0,0.407,High,2021-10-21 11:00:00
540,0.024,0.0,0.401,High,2021-10-21 12:00:00
541,0.895,0.0,0.47,High,2021-10-21 13:00:00
542,0.04,0.0,0.285,High,2021-10-21 14:00:00
543,0.187,0.0,0.254,Medium,2021-10-21 15:00:00
544,0.166,0.0,0.15,Low,2021-10-21 16:00:00
545,0.198,0.0,0.15,None,2021-10-21 17:00:00
546,0.358,0.0,0.006,None,2021-10-21 18:00:00
547,0.873,0.0,0.0,None,2021-10-21 19:00:00
548,0.818,0.0,0.0,None,2021-10-21 20:00:00
549,0.506,0.0,0.0,None,2021-10-21 21:00:00
550,0.479,0.0,0.0,None,2021-10-21 22:00:00
551,0.366,0.0,0.0,None,2021-10-21 23:00:00
552,0.376,0.0,0.0,None,2021-10-22 00:00:00
553,0.376,0.0,0.0,None,2021-10-22 01:00:00
554,0.372,0.0,0.0,None,2021-10-22 02:00:00
555,0.353,0.0,0.0,None,2021-10-22 03:00:00
556,0.353,0.0,0.0,None,2021-10-22 04:00:00
557,0.265,0.0,0.0,None,2021-10-22 05:00:00
558,0.259,0.0,0.0,None,2021-10-22 06:00:00
559,0.337,0.0,0.0,None,2021-10-22 07:00:00
560,0.272,0.0,0.114,Low,2021-10-22 08:00:00
561,0.027,0.0,0.271,High,2021-10-22 09:00:00
562,0.0,0.0,0.326,High,2021-10-22 10:00:00
563,0.0,0.0,0.324,Very High,2021-10-22 11:00:00
564,0.0,0.0,0.409,Very High,2021-10-22 12:00:00
565,0.008,0.0,0.406,Very High,2021-10-22 13:00:00
566,0.017,0.0,0.468,High,2021-10-22 14:00:00
567,0.0,0.0,0.288,High,2021-10-22 15:00:00
568,0.0,0.0,0.257,Medium,2021-10-22 16:00:00
569,0.107,0.0,0.148,Low,2021-10-22 17:00:00
570,0.293,0.0,0.004,None,2021-10-22 18:00:00
571,0.342,0.0,0.0,None,2021-10-22 19:00:00
572,0.349,0.0,0.0,None,2021-10-22 20:00:00
573,0.34,0.0,0.0,None,2021-10-22 21:00:00
574,0.503,0.0,0.0,None,2021-10-22 22:00:00
575,0.636,0.0,0.0,None,2021-10-22 23:00:00
576,0.395,0.0,0.0,None,2021-10-23 00:00:00
577,0.382,0.0,0.0,None,2021-10-23 01:00:00
578,0.417,0.0,0.0,None,2021-10-23 02:00:00
579,0.445,0.0,0.0,None,2021-10-23 03:00:00
580,0.39,0.0,0.0,None,2021-10-23 04:00:00
581,0.38,0.0,0.0,None,2021-10-23 05:00:00
582,0.246,0.0,0.0,None,2021-10-23 06:00:00
583,0.249,0.0,0.0,None,2021-10-23 07:00:00
584,0.166,0.0,0.099,Low,2021-10-23 08:00:00
585,0.0,0.0,0.258,Medium,2021-10-23 09:00:00
586,0.447,0.0,0.467,Medium,2021-10-23 10:00:00
587,0.139,0.0,0.494,Medium,2021-10-23 11:00:00
588,0.328,0.0,0.654,High,2021-10-23 12:00:00
589,0.0,0.0,0.373,High,2021-10-23 13:00:00
590,0.303,0.0,0.462,Medium,2021-10-23 14:00:00
591,0.146,0.0,0.396,Medium,2021-10-23 15:00:00
592,0.179,0.0,0.231,Low,2021-10-23 16:00:00
593,0.351,0.0,0.117,None,2021-10-23 17:00:00
594,0.387,0.0,0.015,None,2021-10-23 18:00:00
595,0.402,0.0,0.0,None,2021-10-23 19:00:00
596,0.999,0.0,0.0,None,2021-10-23 20:00:00
597,0.597,0.0,0.0,None,2021-10-23 21:00:00
598,0.429,0.0,0.0,None,2021-10-23 22:00:00
599,0.563,0.0,0.0,None,2021-10-23 23:00:00
600,0.506,0.0,0.0,None,2021-10-24 00:00:00
601,0.478,0.0,0.0,None,2021-10-24 01:00:00
602,0.453,0.0,0.0,None,2021-10-24 02:00:00
603,0.295,0.0,0.0,None,2021-10-24 03:00:00
604,0.353,0.0,0.0,None,2021-10-24 04:00:00
605,0.302,0.0,0.0,None,2021-10-24 05:00:00
606,0.3,0.0,0.0,None,2021-10-24 06:00:00
607,0.307,0.0,0.0,None,2021-10-24 07:00:00
608,0.167,0.0,0.121,Low,2021-10-24 08:00:00
609,0.088,0.0,0.359,Medium,2021-10-24 09:00:00
610,0.0,0.0,0.334,High,2021-10-24 10:00:00
611,0.0,0.0,0.321,Very High,2021-10-24 11:00:00
612,0.0,0.0,0.546,High,2021-10-24 12:00:00
613,0.192,0.0,0.626,High,2021-10-24 13:00:00
614,0.546,0.0,0.482,Medium,2021-10-24 14:00:00
615,0.01,0.0,0.367,Medium,2021-10-24 15:00:00
616,0.321,0.0,0.154,None,2021-10-24 16:00:00
617,0.534,0.0,0.065,None,2021-10-24 17:00:00
618,0.431,0.0,0.0,None,2021-10-24 18:00:00
619,0.961,0.0,0.0,None,2021-10-24 19:00:00
620,0.964,0.0,0.0,None,2021-10-24 20:00:00
621,0.668,0.0,0.0,None,2021-10-24 21:00:00
622,1.028,0.0,0.0,None,2021-10-24 22:00:00
623,1.051,0.0,0.0,None,2021-10-24 23:00:00
624,0.468,0.0,0.0,None,2021-10-25 00:00:00
625,0.391,0.0,0.0,None,2021-10-25 01:00:00
626,0.32,0.0,0.0,None,2021-10-25 02:00:00
627,0.385,0.0,0.0,None,2021-10-25 03:00:00
628,0.269,0.0,0.0,None,2021-10-25 04:00:00
629,0.254,0.0,0.0,None,2021-10-25 05:00:00
630,0.264,0.0,0.0,None,2021-10-25 06:00:00
631,0.488,0.0,0.0,None,2021-10-25 07:00:00
632,0.389,0.0,0.106,Low,2021-10-25 08:00:00
633,0.079,0.0,0.195,Low,2021-10-25 09:00:00
634,0.0,0.0,0.256,Medium,2021-10-25 10:00:00
635,0.002,0.0,0.253,Medium,2021-10-25 11:00:00
636,0.0,0.0,0.257,High,2021-10-25 12:00:00
637,0.0,0.0,0.262,Very High,2021-10-25 13:00:00
638,0.0,0.0,0.258,Very High,2021-10-25 14:00:00
639,0.008,0.0,0.246,High,2021-10-25 15:00:00
640,0.061,0.0,0.259,Medium,2021-10-25 16:00:00
641,0.249,0.0,0.129,Low,2021-10-25 17:00:00
642,1.564,0.0,0.004,None,2021-10-25 18:00:00
643,1.952,0.0,0.0,None,2021-10-25 19:00:00
644,0.66,0.0,0.0,None,2021-10-25 20:00:00
645,0.524,0.0,0.0,None,2021-10-25 21:00:00
646,0.634,0.0,0.0,None,2021-10-25 22:00:00
647,0.613,0.0,0.0,None,2021-10-25 23:00:00
648,0.254,0.0,0.0,None,2021-10-26 00:00:00
649,0.267,0.0,0.0,None,2021-10-26 01:00:00
650,0.312,0.0,0.0,None,2021-10-26 02:00:00
651,0.248,0.0,0.0,None,2021-10-26 03:00:00
652,0.257,0.0,0.0,None,2021-10-26 04:00:00
653,0.255,0.0,0.0,None,2021-10-26 05:00:00
654,0.255,0.0,0.0,None,2021-10-26 06:00:00
655,0.363,0.0,0.0,None,2021-10-26 07:00:00
656,0.226,0.0,0.097,Low,2021-10-26 08:00:00
657,0.0,0.0,0.255,Medium,2021-10-26 09:00:00
658,0.0,0.0,0.253,High,2021-10-26 10:00:00
659,0.0,0.0,0.248,Very High,2021-10-26 11:00:00
660,0.027,0.0,0.337,Very High,2021-10-26 12:00:00
661,0.0,0.0,0.271,Very High,2021-10-26 13:00:00
662,0.0,0.0,0.335,High,2021-10-26 14:00:00
663,0.021,0.0,0.315,High,2021-10-26 15:00:00
664,0.0,0.0,0.258,Medium,2021-10-26 16:00:00
665,0.144,0.0,0.117,Low,2021-10-26 17:00:00
666,0.202,0.0,0.001,None,2021-10-26 18:00:00
667,0.251,0.0,0.0,None,2021-10-26 19:00:00
668,0.249,0.0,0.0,None,2021-10-26 20:00:00
669,0.379,0.0,0.0,None,2021-10-26 21:00:00
670,0.444,0.0,0.0,None,2021-10-26 22:00:00
671,0.527,0.0,0.0,None,2021-10-26 23:00:00
672,0.431,0.0,0.0,None,2021-10-27 00:00:00
673,0.304,0.0,0.0,None,2021-10-27 01:00:00
674,0.268,0.0,0.0,None,2021-10-27 02:00:00
675,0.262,0.0,0.0,None,2021-10-27 03:00:00
676,0.247,0.0,0.0,None,2021-10-27 04:00:00
677,0.246,0.0,0.0,None,2021-10-27 05:00:00
678,0.243,0.0,0.0,None,2021-10-27 06:00:00
679,0.36,0.0,0.0,None,2021-10-27 07:00:00
680,0.391,0.0,0.09,Low,2021-10-27 08:00:00
681,0.0,0.0,0.272,Medium,2021-10-27 09:00:00
682,0.0,0.0,0.275,High,2021-10-27 10:00:00
683,0.0,0.0,0.28,Very High,2021-10-27 11:00:00
684,0.015,0.0,0.311,Very High,2021-10-27 12:00:00
685,0.0,0.0,0.28,Very High,2021-10-27 13:00:00
686,0.0,0.0,0.324,High,2021-10-27 14:00:00
687,0.006,0.0,0.385,High,2021-10-27 15:00:00
688,0.117,0.0,0.312,Medium,2021-10-27 16:00:00
689,0.312,0.0,0.115,None,2021-10-27 17:00:00
690,0.345,0.0,0.004,None,2021-10-27 18:00:00
691,0.334,0.0,0.0,None,2021-10-27 19:00:00
692,0.399,0.0,0.0,None,2021-10-27 20:00:00
693,0.677,0.0,0.0,None,2021-10-27 21:00:00
694,0.528,0.0,0.0,None,2021-10-27 22:00:00
695,0.438,0.0,0.0,None,2021-10-27 23:00:00
696,0.252,0.0,0.0,None,2021-10-28 00:00:00
697,0.251,0.0,0.0,None,2021-10-28 01:00:00
698,0.251,0.0,0.0,None,2021-10-28 02:00:00
699,0.242,0.0,0.0,None,2021-10-28 03:00:00
700,0.242,0.0,0.0,None,2021-10-28 04:00:00
701,0.242,0.0,0.0,None,2021-10-28 05:00:00
702,0.328,0.0,0.0,None,2021-10-28 06:00:00
703,0.459,0.0,0.0,None,2021-10-28 07:00:00
704,0.271,0.0,0.097,Low,2021-10-28 08:00:00
705,0.032,0.0,0.222,Medium,2021-10-28 09:00:00
706,0.0,0.0,0.257,Medium,2021-10-28 10:00:00
707,0.0,0.0,0.252,High,2021-10-28 11:00:00
708,0.0,0.0,0.258,Very High,2021-10-28 12:00:00
709,0.0,0.0,0.252,High,2021-10-28 13:00:00
710,0.001,0.0,0.252,Medium,2021-10-28 14:00:00
711,0.259,0.0,0.204,Low,2021-10-28 15:00:00
712,0.205,0.0,0.117,None,2021-10-28 16:00:00
713,0.248,0.0,0.016,None,2021-10-28 17:00:00
714,0.571,0.0,0.0,None,2021-10-28 18:00:00
715,0.834,0.0,0.0,None,2021-10-28 19:00:00
716,0.803,0.0,0.0,None,2021-10-28 20:00:00
717,0.95,0.0,0.0,None,2021-10-28 21:00:00
718,0.616,0.0,0.0,None,2021-10-28 22:00:00
719,0.572,0.0,0.0,None,2021-10-28 23:00:00
720,0.603,0.0,0.0,None,2021-10-29 00:00:00
721,0.284,0.0,0.0,None,2021-10-29 01:00:00
722,0.251,0.0,0.0,None,2021-10-29 02:00:00
723,0.253,0.0,0.0,None,2021-10-29 03:00:00
724,0.249,0.0,0.0,None,2021-10-29 04:00:00
725,0.241,0.0,0.0,None,2021-10-29 05:00:00
726,0.242,0.0,0.0,None,2021-10-29 06:00:00
727,0.302,0.0,0.0,None,2021-10-29 07:00:00
728,0.554,0.0,0.011,None,2021-10-29 08:00:00
729,0.143,0.0,0.111,None,2021-10-29 09:00:00
730,0.19,0.0,0.14,Low,2021-10-29 10:00:00
731,0.203,0.0,0.179,Low,2021-10-29 11:00:00
732,0.112,0.0,0.2,Low,2021-10-29 12:00:00
733,0.041,0.0,0.212,Low,2021-10-29 13:00:00
734,0.118,0.0,0.132,None,2021-10-29 14:00:00
735,0.191,0.0,0.067,None,2021-10-29 15:00:00
736,0.232,0.0,0.027,None,2021-10-29 16:00:00
737,0.239,0.0,0.013,None,2021-10-29 17:00:00
738,0.546,0.0,0.0,None,2021-10-29 18:00:00
739,0.642,0.0,0.0,None,2021-10-29 19:00:00
740,0.387,0.0,0.0,None,2021-10-29 20:00:00
741,0.399,0.0,0.0,None,2021-10-29 21:00:00
742,0.476,0.0,0.0,None,2021-10-29 22:00:00
743,1.342,0.0,0.0,None,2021-10-29 23:00:00
744,0.528,0.0,0.0,None,2021-10-30 00:00:00
745,0.404,0.0,0.0,None,2021-10-30 01:00:00
746,0.308,0.0,0.0,None,2021-10-30 02:00:00
747,0.308,0.0,0.0,None,2021-10-30 03:00:00
748,0.395,0.0,0.0,None,2021-10-30 04:00:00
749,0.309,0.0,0.0,None,2021-10-30 05:00:00
750,0.307,0.0,0.0,None,2021-10-30 06:00:00
751,0.31,0.0,0.0,None,2021-10-30 07:00:00
752,0.276,0.0,0.014,None,2021-10-30 08:00:00
753,0.179,0.0,0.153,Low,2021-10-30 09:00:00
754,0.246,0.0,0.312,Medium,2021-10-30 10:00:00
755,0.847,0.0,0.432,Low,2021-10-30 11:00:00
756,1.089,0.0,0.305,Low,2021-10-30 12:00:00
757,1.024,0.0,0.372,Low,2021-10-30 13:00:00
758,1.221,0.0,0.339,Low,2021-10-30 14:00:00
759,0.777,0.0,0.147,None,2021-10-30 15:00:00
760,0.687,0.0,0.108,None,2021-10-30 16:00:00
761,0.818,0.0,0.071,None,2021-10-30 17:00:00
762,0.842,0.0,0.01,None,2021-10-30 18:00:00
763,0.848,0.0,0.0,None,2021-10-30 19:00:00
764,0.619,0.0,0.0,None,2021-10-30 20:00:00
765,0.604,0.0,0.0,None,2021-10-30 21:00:00
766,0.711,0.0,0.0,None,2021-10-30 22:00:00
767,0.694,0.0,0.0,None,2021-10-30 23:00:00
768,0.721,0.0,0.0,None,2021-10-31 00:00:00
769,1.18,0.0,0.0,None,2021-10-31 01:00:00
770,0.493,0.0,0.0,None,2021-10-31 02:00:00
771,0.493,0.0,0.0,None,2021-10-31 03:00:00
772,0.457,0.0,0.0,None,2021-10-31 04:00:00
773,0.457,0.0,0.0,None,2021-10-31 05:00:00
774,0.458,0.0,0.0,None,2021-10-31 06:00:00
775,0.45,0.0,0.002,None,2021-10-31 07:00:00
776,0.657,0.0,0.006,None,2021-10-31 08:00:00
777,0.666,0.0,0.036,None,2021-10-31 09:00:00
778,0.646,0.0,0.096,None,2021-10-31 10:00:00
779,0.791,0.0,0.175,None,2021-10-31 11:00:00
780,1.888,0.0,0.222,None,2021-10-31 12:00:00
781,0.823,0.0,0.159,None,2021-10-31 13:00:00
782,1.59,0.0,0.074,None,2021-10-31 14:00:00
783,1.094,0.0,0.047,None,2021-10-31 15:00:00
784,0.447,0.0,0.011,None,2021-10-31 16:00:00
785,0.51,0.0,0.0,None,2021-10-31 17:00:00
786,0.536,0.0,0.0,None,2021-10-31 18:00:00
787,0.614,0.0,0.0,None,2021-10-31 19:00:00
788,0.701,0.0,0.0,None,2021-10-31 20:00:00
789,1.414,0.0,0.0,None,2021-10-31 21:00:00
790,0.8,0.0,0.0,None,2021-10-31 22:00:00
791,0.71,0.0,0.0,None,2021-10-31 23:00:00
792,0.891,0.0,0.0,None,2021-11-01 00:00:00
793,0.64,0.0,0.0,None,2021-11-01 01:00:00
794,0.558,0.0,0.0,None,2021-11-01 02:00:00
795,0.547,0.0,0.0,None,2021-11-01 03:00:00
796,0.55,0.0,0.0,None,2021-11-01 04:00:00
797,0.575,0.0,0.0,None,2021-11-01 05:00:00
798,0.642,0.0,0.0,None,2021-11-01 06:00:00
799,0.545,0.0,0.088,None,2021-11-01 07:00:00
800,0.296,0.0,0.271,Low,2021-11-01 08:00:00
801,0.314,0.0,0.196,None,2021-11-01 09:00:00
802,0.109,0.0,0.439,Medium,2021-11-01 10:00:00
803,0.026,0.0,0.524,High,2021-11-01 11:00:00
804,0.325,0.0,0.327,Medium,2021-11-01 12:00:00
805,0.078,0.0,0.441,High,2021-11-01 13:00:00
806,0.307,0.0,0.235,Low,2021-11-01 14:00:00
807,0.452,0.0,0.134,None,2021-11-01 15:00:00
808,0.509,0.0,0.049,None,2021-11-01 16:00:00
809,0.545,0.0,0.0,None,2021-11-01 17:00:00
810,0.454,0.0,0.0,None,2021-11-01 18:00:00
811,0.443,0.0,0.0,None,2021-11-01 19:00:00
812,0.92,0.0,0.0,None,2021-11-01 20:00:00
813,0.539,0.0,0.0,None,2021-11-01 21:00:00
814,0.418,0.0,0.0,None,2021-11-01 22:00:00
815,0.486,0.0,0.0,None,2021-11-01 23:00:00
816,0.514,0.0,0.0,None,2021-11-02 00:00:00
817,0.544,0.0,0.0,None,2021-11-02 01:00:00
818,0.268,0.0,0.0,None,2021-11-02 02:00:00
819,0.254,0.0,0.0,None,2021-11-02 03:00:00
820,0.253,0.0,0.0,None,2021-11-02 04:00:00
821,0.254,0.0,0.0,None,2021-11-02 05:00:00
822,0.253,0.0,0.0,None,2021-11-02 06:00:00
823,0.276,0.0,0.01,None,2021-11-02 07:00:00
824,0.412,0.0,0.088,None,2021-11-02 08:00:00
825,0.312,0.0,0.214,Low,2021-11-02 09:00:00
826,0.53,0.0,0.146,None,2021-11-02 10:00:00
827,0.121,0.0,0.256,Medium,2021-11-02 11:00:00
828,0.194,0.0,0.289,Medium,2021-11-02 12:00:00
829,0.177,0.0,0.242,Low,2021-11-02 13:00:00
830,0.136,0.0,0.176,Low,2021-11-02 14:00:00
831,0.299,0.0,0.164,Low,2021-11-02 15:00:00
832,0.508,0.0,0.068,None,2021-11-02 16:00:00
833,0.457,0.0,0.001,None,2021-11-02 17:00:00
834,0.966,0.0,0.0,None,2021-11-02 18:00:00
835,1.137,0.0,0.0,None,2021-11-02 19:00:00
836,0.77,0.0,0.0,None,2021-11-02 20:00:00
837,0.453,0.0,0.0,None,2021-11-02 21:00:00
838,0.395,0.0,0.0,None,2021-11-02 22:00:00
839,0.393,0.0,0.0,None,2021-11-02 23:00:00
840,0.248,0.0,0.0,None,2021-11-03 00:00:00
841,0.247,0.0,0.0,None,2021-11-03 01:00:00
842,0.249,0.0,0.0,None,2021-11-03 02:00:00
843,0.26,0.0,0.0,None,2021-11-03 03:00:00
844,0.258,0.0,0.0,None,2021-11-03 04:00:00
845,0.258,0.0,0.0,None,2021-11-03 05:00:00
846,0.341,0.0,0.0,None,2021-11-03 06:00:00
847,0.62,0.0,0.013,None,2021-11-03 07:00:00
848,0.608,0.0,0.123,None,2021-11-03 08:00:00
849,0.014,0.0,0.241,Medium,2021-11-03 09:00:00
850,0.0,0.0,0.264,High,2021-11-03 10:00:00
851,0.0,0.0,0.27,Very High,2021-11-03 11:00:00
852,0.033,0.0,0.33,Very High,2021-11-03 12:00:00
853,0.009,0.0,0.399,Very High,2021-11-03 13:00:00
854,0.103,0.0,0.294,Medium,2021-11-03 14:00:00
855,0.075,0.0,0.173,Medium,2021-11-03 15:00:00
856,0.209,0.0,0.037,None,2021-11-03 16:00:00
857,0.255,0.0,0.0,None,2021-11-03 17:00:00
858,0.403,0.0,0.0,None,2021-11-03 18:00:00
859,0.506,0.0,0.0,None,2021-11-03 19:00:00
860,0.324,0.0,0.0,None,2021-11-03 20:00:00
861,0.459,0.0,0.0,None,2021-11-03 21:00:00
862,0.51,0.0,0.0,None,2021-11-03 22:00:00
863,0.366,0.0,0.0,None,2021-11-03 23:00:00
864,0.27,0.0,0.0,None,2021-11-04 00:00:00
865,0.255,0.0,0.0,None,2021-11-04 01:00:00
866,0.255,0.0,0.0,None,2021-11-04 02:00:00
867,0.252,0.0,0.0,None,2021-11-04 03:00:00
868,0.239,0.0,0.0,None,2021-11-04 04:00:00
869,0.319,0.0,0.0,None,2021-11-04 05:00:00
870,0.307,0.0,0.0,None,2021-11-04 06:00:00
871,0.814,0.0,0.064,None,2021-11-04 07:00:00
872,0.024,0.0,0.291,Medium,2021-11-04 08:00:00
873,0.0,0.0,0.278,High,2021-11-04 09:00:00
874,0.0,0.0,0.279,Very High,2021-11-04 10:00:00
875,0.0,0.0,0.286,Very High,2021-11-04 11:00:00
876,0.001,0.0,0.281,Very High,2021-11-04 12:00:00
877,0.001,0.0,0.276,High,2021-11-04 13:00:00
878,0.01,0.0,0.26,High,2021-11-04 14:00:00
879,0.267,0.0,0.225,Medium,2021-11-04 15:00:00
880,0.556,0.0,0.115,None,2021-11-04 16:00:00
881,0.628,0.0,0.005,None,2021-11-04 17:00:00
882,0.509,0.0,0.0,None,2021-11-04 18:00:00
883,1.11,0.0,0.0,None,2021-11-04 19:00:00
884,0.831,0.0,0.0,None,2021-11-04 20:00:00
885,0.537,0.0,0.0,None,2021-11-04 21:00:00
886,0.591,0.0,0.0,None,2021-11-04 22:00:00
887,0.334,0.0,0.0,None,2021-11-04 23:00:00
888,0.313,0.0,0.0,None,2021-11-05 00:00:00
889,0.26,0.0,0.0,None,2021-11-05 01:00:00
890,0.247,0.0,0.0,None,2021-11-05 02:00:00
891,0.247,0.0,0.0,None,2021-11-05 03:00:00
892,0.26,0.0,0.0,None,2021-11-05 04:00:00
893,0.257,0.0,0.0,None,2021-11-05 05:00:00
894,0.256,0.0,0.0,None,2021-11-05 06:00:00
895,0.635,0.0,0.061,None,2021-11-05 07:00:00
896,0.18,0.0,0.329,Medium,2021-11-05 08:00:00
897,0.317,0.0,0.452,High,2021-11-05 09:00:00
898,0.121,0.0,0.405,High,2021-11-05 10:00:00
899,0.137,0.0,0.533,High,2021-11-05 11:00:00
900,0.014,0.0,0.305,Very High,2021-11-05 12:00:00
901,0.0,0.0,0.274,Very High,2021-11-05 13:00:00
902,0.002,0.0,0.263,High,2021-11-05 14:00:00
903,0.0,0.0,0.255,Medium,2021-11-05 15:00:00
904,0.179,0.0,0.079,Low,2021-11-05 16:00:00
905,0.252,0.0,0.0,None,2021-11-05 17:00:00
906,0.31,0.0,0.0,None,2021-11-05 18:00:00
907,0.328,0.0,0.0,None,2021-11-05 19:00:00
908,0.883,0.0,0.0,None,2021-11-05 20:00:00
909,1.36,0.0,0.0,None,2021-11-05 21:00:00
910,0.0,0.342,0.0,None,2021-11-05 22:00:00
911,0.0,0.318,0.0,None,2021-11-05 23:00:00
912,0.0,0.263,0.0,None,2021-11-06 00:00:00
913,0.0,0.241,0.0,None,2021-11-06 01:00:00
914,0.0,0.239,0.0,None,2021-11-06 02:00:00
915,0.0,0.252,0.0,None,2021-11-06 03:00:00
916,0.0,0.365,0.0,None,2021-11-06 04:00:00
917,0.0,0.256,0.0,None,2021-11-06 05:00:00
918,0.0,0.254,0.0,None,2021-11-06 06:00:00
919,0.0,0.186,0.058,Low,2021-11-06 07:00:00
920,0.001,0.0,0.25,Medium,2021-11-06 08:00:00
921,0.0,0.0,0.255,High,2021-11-06 09:00:00
922,0.0,0.0,0.293,Very High,2021-11-06 10:00:00
923,0.011,0.0,0.297,Very High,2021-11-06 11:00:00
924,0.44,0.0,0.738,High,2021-11-06 12:00:00
925,0.209,0.0,0.445,High,2021-11-06 13:00:00
926,0.001,0.0,0.359,High,2021-11-06 14:00:00
927,0.61,0.0,0.371,Medium,2021-11-06 15:00:00
928,1.33,0.0,0.072,None,2021-11-06 16:00:00
929,0.399,0.0,0.001,None,2021-11-06 17:00:00
930,0.485,0.0,0.0,None,2021-11-06 18:00:00
931,0.589,0.0,0.0,None,2021-11-06 19:00:00
932,0.733,0.0,0.0,None,2021-11-06 20:00:00
933,0.338,0.0,0.0,None,2021-11-06 21:00:00
934,0.0,0.346,0.0,None,2021-11-06 22:00:00
935,0.0,0.458,0.0,None,2021-11-06 23:00:00
936,0.0,0.321,0.0,None,2021-11-07 00:00:00
937,0.0,0.317,0.0,None,2021-11-07 01:00:00
938,0.0,0.33,0.0,None,2021-11-07 02:00:00
939,0.0,0.302,0.0,None,2021-11-07 03:00:00
940,0.0,0.276,0.0,None,2021-11-07 04:00:00
941,0.0,0.264,0.0,None,2021-11-07 05:00:00
942,0.0,0.251,0.0,None,2021-11-07 06:00:00
943,0.0,0.21,0.046,Low,2021-11-07 07:00:00
944,0.001,0.0,0.308,Medium,2021-11-07 08:00:00
945,0.0,0.0,0.254,High,2021-11-07 09:00:00
946,0.017,0.0,0.31,High,2021-11-07 10:00:00
947,0.07,0.0,0.265,Medium,2021-11-07 11:00:00
948,1.305,0.0,0.954,Medium,2021-11-07 12:00:00
949,0.763,0.0,0.685,Medium,2021-11-07 13:00:00
950,0.012,0.0,0.368,High,2021-11-07 14:00:00
951,0.016,0.0,0.301,Medium,2021-11-07 15:00:00
952,0.341,0.0,0.061,None,2021-11-07 16:00:00
953,0.801,0.0,0.0,None,2021-11-07 17:00:00
954,0.804,0.0,0.0,None,2021-11-07 18:00:00
955,1.649,0.0,0.0,None,2021-11-07 19:00:00
956,0.859,0.0,0.0,None,2021-11-07 20:00:00
957,0.472,0.0,0.0,None,2021-11-07 21:00:00
958,0.0,0.435,0.0,None,2021-11-07 22:00:00
959,0.0,0.388,0.0,None,2021-11-07 23:00:00
960,0.0,0.382,0.0,None,2021-11-08 00:00:00
961,0.0,0.396,0.0,None,2021-11-08 01:00:00
962,0.0,0.383,0.0,None,2021-11-08 02:00:00
963,0.0,0.387,0.0,None,2021-11-08 03:00:00
964,0.0,0.285,0.0,None,2021-11-08 04:00:00
965,0.0,0.272,0.0,None,2021-11-08 05:00:00
966,0.0,0.255,0.0,None,2021-11-08 06:00:00
967,0.0,0.977,0.014,None,2021-11-08 07:00:00
968,0.647,0.0,0.101,None,2021-11-08 08:00:00
969,0.065,0.0,0.297,Medium,2021-11-08 09:00:00
970,0.0,0.0,0.287,Medium,2021-11-08 10:00:00
971,0.0,0.0,0.281,Very High,2021-11-08 11:00:00
972,0.0,0.0,0.274,Very High,2021-11-08 12:00:00
973,0.0,0.0,0.259,High,2021-11-08 13:00:00
974,0.0,0.0,0.258,High,2021-11-08 14:00:00
975,0.0,0.0,0.266,Medium,2021-11-08 15:00:00
976,0.211,0.0,0.058,None,2021-11-08 16:00:00
977,0.296,0.0,0.0,None,2021-11-08 17:00:00
978,0.413,0.0,0.0,None,2021-11-08 18:00:00
979,0.689,0.0,0.0,None,2021-11-08 19:00:00
980,0.864,0.0,0.0,None,2021-11-08 20:00:00
981,0.656,0.0,0.0,None,2021-11-08 21:00:00
982,0.0,0.512,0.0,None,2021-11-08 22:00:00
983,0.0,0.448,0.0,None,2021-11-08 23:00:00
984,0.0,1.19,0.0,None,2021-11-09 00:00:00
985,0.0,0.292,0.0,None,2021-11-09 01:00:00
986,0.0,0.264,0.0,None,2021-11-09 02:00:00
987,0.0,0.305,0.0,None,2021-11-09 03:00:00
988,0.0,0.259,0.0,None,2021-11-09 04:00:00
989,0.0,0.261,0.0,None,2021-11-09 05:00:00
990,0.0,0.297,0.0,None,2021-11-09 06:00:00
991,0.0,1.134,0.039,None,2021-11-09 07:00:00
992,0.427,0.0,0.399,Low,2021-11-09 08:00:00
993,0.008,0.0,0.363,High,2021-11-09 09:00:00
994,0.0,0.0,0.256,High,2021-11-09 10:00:00
995,0.082,0.0,0.578,High,2021-11-09 11:00:00
996,0.0,0.0,0.281,Very High,2021-11-09 12:00:00
997,0.0,0.0,0.261,High,2021-11-09 13:00:00
998,0.0,0.0,0.256,High,2021-11-09 14:00:00
999,0.007,0.0,0.246,Medium,2021-11-09 15:00:00
1000,0.233,0.0,0.055,None,2021-11-09 16:00:00
1001,0.239,0.0,0.0,None,2021-11-09 17:00:00
1002,0.407,0.0,0.0,None,2021-11-09 18:00:00
1003,0.843,0.0,0.0,None,2021-11-09 19:00:00
1004,0.743,0.0,0.0,None,2021-11-09 20:00:00
1005,0.576,0.0,0.0,None,2021-11-09 21:00:00
1006,0.0,0.759,0.0,None,2021-11-09 22:00:00
1007,0.0,0.411,0.0,None,2021-11-09 23:00:00
1008,0.0,0.369,0.0,None,2021-11-10 00:00:00
1009,0.0,0.317,0.0,None,2021-11-10 01:00:00
1010,0.0,0.292,0.0,None,2021-11-10 02:00:00
1011,0.0,0.262,0.0,None,2021-11-10 03:00:00
1012,0.0,0.263,0.0,None,2021-11-10 04:00:00
1013,0.0,0.281,0.0,None,2021-11-10 05:00:00
1014,0.0,0.256,0.0,None,2021-11-10 06:00:00
1015,0.0,1.797,0.035,None,2021-11-10 07:00:00
1016,0.271,0.0,0.365,Medium,2021-11-10 08:00:00
1017,0.0,0.0,0.264,High,2021-11-10 09:00:00
1018,0.0,0.0,0.263,High,2021-11-10 10:00:00
1019,0.0,0.0,0.271,Very High,2021-11-10 11:00:00
1020,0.0,0.0,0.282,Very High,2021-11-10 12:00:00
1021,0.0,0.0,0.277,High,2021-11-10 13:00:00
1022,0.0,0.0,0.271,High,2021-11-10 14:00:00
1023,0.014,0.0,0.247,Medium,2021-11-10 15:00:00
1024,0.197,0.0,0.057,None,2021-11-10 16:00:00
1025,0.255,0.0,0.0,None,2021-11-10 17:00:00
1026,1.125,0.0,0.0,None,2021-11-10 18:00:00
1027,1.481,0.0,0.0,None,2021-11-10 19:00:00
1028,1.26,0.0,0.0,None,2021-11-10 20:00:00
1029,1.078,0.0,0.0,None,2021-11-10 21:00:00
1030,0.0,1.018,0.0,None,2021-11-10 22:00:00
1031,0.0,0.686,0.0,None,2021-11-10 23:00:00
1032,0.0,0.566,0.0,None,2021-11-11 00:00:00
1033,0.0,0.547,0.0,None,2021-11-11 01:00:00
1034,0.0,0.515,0.0,None,2021-11-11 02:00:00
1035,0.0,0.465,0.0,None,2021-11-11 03:00:00
1036,0.0,0.461,0.0,None,2021-11-11 04:00:00
1037,0.0,0.448,0.0,None,2021-11-11 05:00:00
1038,0.0,0.442,0.0,None,2021-11-11 06:00:00
1039,0.0,1.874,0.024,None,2021-11-11 07:00:00
1040,0.395,0.0,0.345,None,2021-11-11 08:00:00
1041,0.438,0.0,0.611,Medium,2021-11-11 09:00:00
1042,0.152,0.0,0.641,Medium,2021-11-11 10:00:00
1043,0.396,0.0,0.779,Medium,2021-11-11 11:00:00
1044,0.0,0.0,0.484,High,2021-11-11 12:00:00
1045,0.0,0.0,0.465,High,2021-11-11 13:00:00
1046,0.0,0.0,0.476,Medium,2021-11-11 14:00:00
1047,0.107,0.0,0.358,None,2021-11-11 15:00:00
1048,0.403,0.0,0.059,None,2021-11-11 16:00:00
1049,0.454,0.0,0.0,None,2021-11-11 17:00:00
1050,0.61,0.0,0.0,None,2021-11-11 18:00:00
1051,0.485,0.0,0.0,None,2021-11-11 19:00:00
1052,0.445,0.0,0.0,None,2021-11-11 20:00:00
1053,0.516,0.0,0.0,None,2021-11-11 21:00:00
1054,0.0,0.581,0.0,None,2021-11-11 22:00:00
1055,0.0,0.587,0.0,None,2021-11-11 23:00:00
1056,0.0,0.578,0.0,None,2021-11-12 00:00:00
1057,0.0,0.556,0.0,None,2021-11-12 01:00:00
1058,0.0,0.517,0.0,None,2021-11-12 02:00:00
1059,0.0,0.539,0.0,None,2021-11-12 03:00:00
1060,0.0,0.484,0.0,None,2021-11-12 04:00:00
1061,0.0,0.528,0.0,None,2021-11-12 05:00:00
1062,0.0,0.502,0.0,None,2021-11-12 06:00:00
1063,0.0,1.451,0.006,None,2021-11-12 07:00:00
1064,0.33,0.0,0.302,Medium,2021-11-12 08:00:00
1065,0.26,0.0,0.339,Low,2021-11-12 09:00:00
1066,0.0,0.0,0.258,High,2021-11-12 10:00:00
1067,0.0,0.0,0.317,Very High,2021-11-12 11:00:00
1068,0.0,0.0,0.323,High,2021-11-12 12:00:00
1069,0.0,0.0,0.311,High,2021-11-12 13:00:00
1070,0.0,0.0,0.312,High,2021-11-12 14:00:00
1071,0.051,0.0,0.309,Medium,2021-11-12 15:00:00
1072,0.31,0.0,0.054,None,2021-11-12 16:00:00
1073,0.445,0.0,0.0,None,2021-11-12 17:00:00
1074,1.242,0.0,0.0,None,2021-11-12 18:00:00
1075,0.902,0.0,0.0,None,2021-11-12 19:00:00
1076,0.341,0.0,0.0,None,2021-11-12 20:00:00
1077,0.514,0.0,0.0,None,2021-11-12 21:00:00
1078,0.0,0.557,0.0,None,2021-11-12 22:00:00
1079,0.0,0.449,0.0,None,2021-11-12 23:00:00
1080,0.0,0.34,0.0,None,2021-11-13 00:00:00
1081,0.0,0.356,0.0,None,2021-11-13 01:00:00
1082,0.0,0.457,0.0,None,2021-11-13 02:00:00
1083,0.0,0.379,0.0,None,2021-11-13 03:00:00
1084,0.0,0.347,0.0,None,2021-11-13 04:00:00
1085,0.0,0.337,0.0,None,2021-11-13 05:00:00
1086,0.0,0.292,0.0,None,2021-11-13 06:00:00
1087,0.0,0.293,0.023,None,2021-11-13 07:00:00
1088,0.005,0.0,0.321,Medium,2021-11-13 08:00:00
1089,0.0,0.0,0.432,Medium,2021-11-13 09:00:00
1090,0.427,0.0,0.763,Medium,2021-11-13 10:00:00
1091,0.287,0.0,0.666,High,2021-11-13 11:00:00
1092,0.0,0.0,0.36,High,2021-11-13 12:00:00
1093,0.0,0.0,0.276,High,2021-11-13 13:00:00
1094,0.217,0.0,0.356,High,2021-11-13 14:00:00
1095,1.477,0.0,0.388,None,2021-11-13 15:00:00
1096,1.66,0.0,0.053,None,2021-11-13 16:00:00
1097,0.756,0.0,0.0,None,2021-11-13 17:00:00
1098,0.804,0.0,0.0,None,2021-11-13 18:00:00
1099,0.583,0.0,0.0,None,2021-11-13 19:00:00
1100,0.545,0.0,0.0,None,2021-11-13 20:00:00
1101,0.894,0.0,0.0,None,2021-11-13 21:00:00
1102,0.0,0.559,0.0,None,2021-11-13 22:00:00
1103,0.0,0.411,0.0,None,2021-11-13 23:00:00
1104,0.0,0.488,0.0,None,2021-11-14 00:00:00
1105,0.0,0.461,0.0,None,2021-11-14 01:00:00
1106,0.0,0.333,0.0,None,2021-11-14 02:00:00
1107,0.0,0.317,0.0,None,2021-11-14 03:00:00
1108,0.0,0.315,0.0,None,2021-11-14 04:00:00
1109,0.0,0.326,0.0,None,2021-11-14 05:00:00
1110,0.0,0.323,0.0,None,2021-11-14 06:00:00
1111,0.0,0.204,0.022,None,2021-11-14 07:00:00
1112,0.312,0.0,0.374,Medium,2021-11-14 08:00:00
1113,0.236,0.0,0.58,Medium,2021-11-14 09:00:00
1114,0.081,0.0,0.922,None,2021-11-14 10:00:00
1115,0.213,0.0,0.994,None,2021-11-14 11:00:00
1116,0.724,0.0,0.941,Medium,2021-11-14 12:00:00
1117,0.0,0.0,0.363,High,2021-11-14 13:00:00
1118,0.0,0.0,0.349,High,2021-11-14 14:00:00
1119,0.258,0.0,0.313,Medium,2021-11-14 15:00:00
1120,0.245,0.0,0.049,None,2021-11-14 16:00:00
1121,0.404,0.0,0.0,None,2021-11-14 17:00:00
1122,1.603,0.0,0.0,None,2021-11-14 18:00:00
1123,1.238,0.0,0.0,None,2021-11-14 19:00:00
1124,0.825,0.0,0.0,None,2021-11-14 20:00:00
1125,0.549,0.0,0.0,None,2021-11-14 21:00:00
1126,0.0,0.665,0.0,None,2021-11-14 22:00:00
1127,0.0,0.491,0.0,None,2021-11-14 23:00:00
1128,0.0,0.398,0.0,None,2021-11-15 00:00:00
1129,0.0,0.249,0.0,None,2021-11-15 01:00:00
1130,0.0,0.279,0.0,None,2021-11-15 02:00:00
1131,0.0,0.3,0.0,None,2021-11-15 03:00:00
1132,0.0,0.239,0.0,None,2021-11-15 04:00:00
1133,0.0,0.25,0.0,None,2021-11-15 05:00:00
1134,0.0,0.294,0.0,None,2021-11-15 06:00:00
1135,0.0,1.685,0.016,None,2021-11-15 07:00:00
1136,0.449,0.0,0.343,Medium,2021-11-15 08:00:00
1137,0.0,0.0,0.259,High,2021-11-15 09:00:00
1138,0.0,0.0,0.261,High,2021-11-15 10:00:00
1139,0.0,0.0,0.25,Very High,2021-11-15 11:00:00
1140,0.0,0.0,0.252,Very High,2021-11-15 12:00:00
1141,0.0,0.0,0.262,High,2021-11-15 13:00:00
1142,0.0,0.0,0.256,High,2021-11-15 14:00:00
1143,0.007,0.0,0.25,Medium,2021-11-15 15:00:00
1144,0.173,0.0,0.073,None,2021-11-15 16:00:00
1145,0.236,0.0,0.0,None,2021-11-15 17:00:00
1146,0.249,0.0,0.0,None,2021-11-15 18:00:00
1147,0.874,0.0,0.0,None,2021-11-15 19:00:00
1148,0.739,0.0,0.0,None,2021-11-15 20:00:00
1149,0.49,0.0,0.0,None,2021-11-15 21:00:00
1150,0.0,0.369,0.0,None,2021-11-15 22:00:00
1151,0.0,0.369,0.0,None,2021-11-15 23:00:00
1152,0.0,0.304,0.0,None,2021-11-16 00:00:00
1153,0.0,0.281,0.0,None,2021-11-16 01:00:00
1154,0.0,0.255,0.0,None,2021-11-16 02:00:00
1155,0.0,0.266,0.0,None,2021-11-16 03:00:00
1156,0.0,0.29,0.0,None,2021-11-16 04:00:00
1157,0.0,0.278,0.0,None,2021-11-16 05:00:00
1158,0.0,0.298,0.0,None,2021-11-16 06:00:00
1159,0.0,0.998,0.016,None,2021-11-16 07:00:00
1160,0.264,0.0,0.375,Low,2021-11-16 08:00:00
1161,0.365,0.0,0.381,High,2021-11-16 09:00:00
1162,0.0,0.0,0.226,High,2021-11-16 10:00:00
1163,0.0,0.0,0.303,High,2021-11-16 11:00:00
1164,0.0,0.0,0.208,Very High,2021-11-16 12:00:00
1165,0.0,0.0,0.208,High,2021-11-16 13:00:00
1166,0.0,0.0,0.21,High,2021-11-16 14:00:00
1167,0.0,0.0,0.207,Medium,2021-11-16 15:00:00
1168,0.138,0.0,0.066,None,2021-11-16 16:00:00
1169,0.193,0.0,0.0,None,2021-11-16 17:00:00
1170,0.438,0.0,0.0,None,2021-11-16 18:00:00
1171,1.74,0.0,0.0,None,2021-11-16 19:00:00
1172,0.772,0.0,0.0,None,2021-11-16 20:00:00
1173,0.409,0.0,0.0,None,2021-11-16 21:00:00
1174,0.0,0.558,0.0,None,2021-11-16 22:00:00
1175,0.0,0.261,0.0,None,2021-11-16 23:00:00
1176,0.0,0.255,0.0,None,2021-11-17 00:00:00
1177,0.0,0.323,0.0,None,2021-11-17 01:00:00
1178,0.0,0.241,0.0,None,2021-11-17 02:00:00
1179,0.0,0.315,0.0,None,2021-11-17 03:00:00
1180,0.0,0.282,0.0,None,2021-11-17 04:00:00
1181,0.0,0.27,0.0,None,2021-11-17 05:00:00
1182,0.0,0.274,0.0,None,2021-11-17 06:00:00
1183,0.0,1.717,0.005,None,2021-11-17 07:00:00
1184,0.708,0.0,0.247,Medium,2021-11-17 08:00:00
1185,0.0,0.0,0.28,High,2021-11-17 09:00:00
1186,0.173,0.0,0.607,Medium,2021-11-17 10:00:00
1187,0.382,0.0,0.676,High,2021-11-17 11:00:00
1188,0.0,0.0,0.27,Very High,2021-11-17 12:00:00
1189,0.0,0.0,0.257,High,2021-11-17 13:00:00
1190,0.0,0.0,0.247,High,2021-11-17 14:00:00
1191,0.0,0.0,0.247,Medium,2021-11-17 15:00:00
1192,0.219,0.0,0.039,None,2021-11-17 16:00:00
1193,0.278,0.0,0.0,None,2021-11-17 17:00:00
1194,0.39,0.0,0.0,None,2021-11-17 18:00:00
1195,0.326,0.0,0.0,None,2021-11-17 19:00:00
1196,0.346,0.0,0.0,None,2021-11-17 20:00:00
1197,0.423,0.0,0.0,None,2021-11-17 21:00:00
1198,0.0,1.079,0.0,None,2021-11-17 22:00:00
1199,0.0,0.389,0.0,None,2021-11-17 23:00:00
1200,0.0,0.341,0.0,None,2021-11-18 00:00:00
1201,0.0,0.316,0.0,None,2021-11-18 01:00:00
1202,0.0,0.257,0.0,None,2021-11-18 02:00:00
1203,0.0,0.304,0.0,None,2021-11-18 03:00:00
1204,0.0,0.308,0.0,None,2021-11-18 04:00:00
1205,0.0,0.29,0.0,None,2021-11-18 05:00:00
1206,0.0,1.905,0.0,None,2021-11-18 06:00:00
1207,0.0,2.151,0.002,None,2021-11-18 07:00:00
1208,0.072,0.0,0.284,Medium,2021-11-18 08:00:00
1209,0.0,0.0,0.272,High,2021-11-18 09:00:00
1210,0.0,0.0,0.278,High,2021-11-18 10:00:00
1211,0.0,0.0,0.255,Very High,2021-11-18 11:00:00
1212,0.035,0.0,0.659,High,2021-11-18 12:00:00
1213,0.0,0.0,0.249,High,2021-11-18 13:00:00
1214,0.0,0.0,0.355,High,2021-11-18 14:00:00
1215,0.0,0.0,0.254,Medium,2021-11-18 15:00:00
1216,0.221,0.0,0.036,None,2021-11-18 16:00:00
1217,0.256,0.0,0.0,None,2021-11-18 17:00:00
1218,0.535,0.0,0.0,None,2021-11-18 18:00:00
1219,0.952,0.0,0.0,None,2021-11-18 19:00:00
1220,0.834,0.0,0.0,None,2021-11-18 20:00:00
1221,0.638,0.0,0.0,None,2021-11-18 21:00:00
1222,0.0,0.769,0.0,None,2021-11-18 22:00:00
1223,0.0,1.118,0.0,None,2021-11-18 23:00:00
1224,0.0,1.716,0.0,None,2021-11-19 00:00:00
1225,0.0,1.601,0.0,None,2021-11-19 01:00:00
1226,0.0,1.35,0.0,None,2021-11-19 02:00:00
1227,0.0,0.377,0.0,None,2021-11-19 03:00:00
1228,0.0,0.409,0.0,None,2021-11-19 04:00:00
1229,0.0,0.37,0.0,None,2021-11-19 05:00:00
1230,0.0,0.382,0.0,None,2021-11-19 06:00:00
1231,0.0,1.314,0.002,None,2021-11-19 07:00:00
1232,0.227,0.0,0.316,Medium,2021-11-19 08:00:00
1233,0.0,0.0,0.348,High,2021-11-19 09:00:00
1234,0.323,0.0,0.615,Medium,2021-11-19 10:00:00
1235,0.0,0.0,0.462,High,2021-11-19 11:00:00
1236,0.368,0.0,0.698,Medium,2021-11-19 12:00:00
1237,0.0,0.0,0.346,High,2021-11-19 13:00:00
1238,0.0,0.0,0.358,Medium,2021-11-19 14:00:00
1239,0.065,0.0,0.333,Low,2021-11-19 15:00:00
1240,0.413,0.0,0.05,None,2021-11-19 16:00:00
1241,0.563,0.0,0.0,None,2021-11-19 17:00:00
1242,1.087,0.0,0.0,None,2021-11-19 18:00:00
1243,1.61,0.0,0.0,None,2021-11-19 19:00:00
1244,1.807,0.0,0.0,None,2021-11-19 20:00:00
1245,1.63,0.0,0.0,None,2021-11-19 21:00:00
1246,0.0,0.807,0.0,None,2021-11-19 22:00:00
1247,0.0,0.405,0.0,None,2021-11-19 23:00:00
1248,0.0,0.473,0.0,None,2021-11-20 00:00:00
1249,0.0,0.289,0.0,None,2021-11-20 01:00:00
1250,0.0,0.294,0.0,None,2021-11-20 02:00:00
1251,0.0,0.297,0.0,None,2021-11-20 03:00:00
1252,0.0,0.375,0.0,None,2021-11-20 04:00:00
1253,0.0,0.304,0.0,None,2021-11-20 05:00:00
1254,0.0,0.29,0.0,None,2021-11-20 06:00:00
1255,0.0,0.425,0.002,None,2021-11-20 07:00:00
1256,0.235,0.0,0.112,None,2021-11-20 08:00:00
1257,0.0,0.0,0.291,High,2021-11-20 09:00:00
1258,0.284,0.0,0.265,Medium,2021-11-20 10:00:00
1259,0.683,0.0,0.567,Medium,2021-11-20 11:00:00
1260,0.504,0.0,0.565,None,2021-11-20 12:00:00
1261,0.821,0.0,0.485,None,2021-11-20 13:00:00
1262,0.787,0.0,0.358,Low,2021-11-20 14:00:00
1263,0.035,0.0,0.22,Low,2021-11-20 15:00:00
1264,0.197,0.0,0.052,None,2021-11-20 16:00:00
1265,0.242,0.0,0.0,None,2021-11-20 17:00:00
1266,0.554,0.0,0.0,None,2021-11-20 18:00:00
1267,0.507,0.0,0.0,None,2021-11-20 19:00:00
1268,0.885,0.0,0.0,None,2021-11-20 20:00:00
1269,0.417,0.0,0.0,None,2021-11-20 21:00:00
1270,0.0,0.37,0.0,None,2021-11-20 22:00:00
1271,0.0,0.385,0.0,None,2021-11-20 23:00:00
1272,0.0,0.323,0.0,None,2021-11-21 00:00:00
1273,0.0,0.334,0.0,None,2021-11-21 01:00:00
1274,0.0,0.293,0.0,None,2021-11-21 02:00:00
1275,0.0,0.326,0.0,None,2021-11-21 03:00:00
1276,0.0,0.276,0.0,None,2021-11-21 04:00:00
1277,0.0,0.265,0.0,None,2021-11-21 05:00:00
1278,0.0,0.247,0.0,None,2021-11-21 06:00:00
1279,0.0,0.238,0.003,None,2021-11-21 07:00:00
1280,0.551,0.0,0.107,None,2021-11-21 08:00:00
1281,0.458,0.0,0.377,Medium,2021-11-21 09:00:00
1282,0.0,0.0,0.491,Medium,2021-11-21 10:00:00
1283,0.999,0.0,0.799,None,2021-11-21 11:00:00
1284,0.555,0.0,0.808,None,2021-11-21 12:00:00
1285,0.298,0.0,0.666,Medium,2021-11-21 13:00:00
1286,0.887,0.0,0.516,None,2021-11-21 14:00:00
1287,0.698,0.0,0.275,None,2021-11-21 15:00:00
1288,0.753,0.0,0.038,None,2021-11-21 16:00:00
1289,0.879,0.0,0.0,None,2021-11-21 17:00:00
1290,0.818,0.0,0.0,None,2021-11-21 18:00:00
1291,1.547,0.0,0.0,None,2021-11-21 19:00:00
1292,0.713,0.0,0.0,None,2021-11-21 20:00:00
1293,1.058,0.0,0.0,None,2021-11-21 21:00:00
1294,0.0,0.7,0.0,None,2021-11-21 22:00:00
1295,0.0,0.514,0.0,None,2021-11-21 23:00:00
1296,0.0,0.369,0.0,None,2021-11-22 00:00:00
1297,0.0,0.321,0.0,None,2021-11-22 01:00:00
1298,0.0,0.323,0.0,None,2021-11-22 02:00:00
1299,0.0,0.267,0.0,None,2021-11-22 03:00:00
1300,0.0,0.249,0.0,None,2021-11-22 04:00:00
1301,0.0,0.246,0.0,None,2021-11-22 05:00:00
1302,0.0,0.306,0.0,None,2021-11-22 06:00:00
1303,0.0,1.489,0.002,None,2021-11-22 07:00:00
1304,0.751,0.0,0.263,Medium,2021-11-22 08:00:00
1305,0.0,0.0,0.28,High,2021-11-22 09:00:00
1306,0.204,0.0,0.481,High,2021-11-22 10:00:00
1307,0.076,0.0,0.504,High,2021-11-22 11:00:00
1308,0.0,0.0,0.275,Very High,2021-11-22 12:00:00
1309,0.0,0.0,0.257,High,2021-11-22 13:00:00
1310,0.003,0.0,0.255,High,2021-11-22 14:00:00
1311,0.087,0.0,0.177,Low,2021-11-22 15:00:00
1312,0.23,0.0,0.037,None,2021-11-22 16:00:00
1313,0.273,0.0,0.0,None,2021-11-22 17:00:00
1314,0.326,0.0,0.0,None,2021-11-22 18:00:00
1315,1.653,0.0,0.0,None,2021-11-22 19:00:00
1316,0.994,0.0,0.0,None,2021-11-22 20:00:00
1317,0.482,0.0,0.0,None,2021-11-22 21:00:00
1318,0.0,0.698,0.0,None,2021-11-22 22:00:00
1319,0.0,0.466,0.0,None,2021-11-22 23:00:00
1320,0.0,0.411,0.0,None,2021-11-23 00:00:00
1321,0.0,0.374,0.0,None,2021-11-23 01:00:00
1322,0.0,0.373,0.0,None,2021-11-23 02:00:00
1323,0.0,0.33,0.0,None,2021-11-23 03:00:00
1324,0.0,0.202,0.0,None,2021-11-23 04:00:00
1325,0.0,0.26,0.0,None,2021-11-23 05:00:00
1326,0.0,0.257,0.0,None,2021-11-23 06:00:00
1327,0.0,1.063,0.001,None,2021-11-23 07:00:00
1328,0.472,0.0,0.074,None,2021-11-23 08:00:00
1329,0.265,0.0,0.308,Medium,2021-11-23 09:00:00
1330,0.0,0.0,0.267,High,2021-11-23 10:00:00
1331,0.0,0.0,0.262,Very High,2021-11-23 11:00:00
1332,0.0,0.0,0.258,Very High,2021-11-23 12:00:00
1333,0.0,0.0,0.255,High,2021-11-23 13:00:00
1334,0.0,0.0,0.259,High,2021-11-23 14:00:00
1335,0.034,0.0,0.332,Low,2021-11-23 15:00:00
1336,0.225,0.0,0.026,None,2021-11-23 16:00:00
1337,0.259,0.0,0.0,None,2021-11-23 17:00:00
1338,0.308,0.0,0.0,None,2021-11-23 18:00:00
1339,0.992,0.0,0.0,None,2021-11-23 19:00:00
1340,0.629,0.0,0.0,None,2021-11-23 20:00:00
1341,0.462,0.0,0.0,None,2021-11-23 21:00:00
1342,0.0,0.43,0.0,None,2021-11-23 22:00:00
1343,0.0,0.407,0.0,None,2021-11-23 23:00:00
1344,0.0,0.326,0.0,None,2021-11-24 00:00:00
1345,0.0,0.248,0.0,None,2021-11-24 01:00:00
1346,0.0,0.236,0.0,None,2021-11-24 02:00:00
1347,0.0,0.246,0.0,None,2021-11-24 03:00:00
1348,0.0,0.235,0.0,None,2021-11-24 04:00:00
1349,0.0,0.233,0.0,None,2021-11-24 05:00:00
1350,0.0,0.23,0.0,None,2021-11-24 06:00:00
1351,0.0,1.216,0.007,None,2021-11-24 07:00:00
1352,0.74,0.0,0.298,Low,2021-11-24 08:00:00
1353,0.0,0.0,0.236,High,2021-11-24 09:00:00
1354,0.031,0.0,0.286,Medium,2021-11-24 10:00:00
1355,0.006,0.0,0.231,Medium,2021-11-24 11:00:00
1356,0.026,0.0,0.213,Low,2021-11-24 12:00:00
1357,0.04,0.0,0.203,None,2021-11-24 13:00:00
1358,0.07,0.0,0.223,Low,2021-11-24 14:00:00
1359,0.107,0.0,0.118,None,2021-11-24 15:00:00
1360,0.179,0.0,0.044,None,2021-11-24 16:00:00
1361,0.516,0.0,0.0,None,2021-11-24 17:00:00
1362,1.468,0.0,0.0,None,2021-11-24 18:00:00
1363,0.776,0.0,0.0,None,2021-11-24 19:00:00
1364,0.475,0.0,0.0,None,2021-11-24 20:00:00
1365,0.396,0.0,0.0,None,2021-11-24 21:00:00
1366,0.0,0.334,0.0,None,2021-11-24 22:00:00
1367,0.0,0.467,0.0,None,2021-11-24 23:00:00
1368,0.0,2.362,0.0,None,2021-11-25 00:00:00
1369,0.0,0.435,0.0,None,2021-11-25 01:00:00
1370,0.0,0.279,0.0,None,2021-11-25 02:00:00
1371,0.0,0.243,0.0,None,2021-11-25 03:00:00
1372,0.0,0.267,0.0,None,2021-11-25 04:00:00
1373,0.0,0.233,0.0,None,2021-11-25 05:00:00
1374,0.0,0.265,0.0,None,2021-11-25 06:00:00
1375,0.0,1.34,0.002,None,2021-11-25 07:00:00
1376,0.457,0.0,0.028,None,2021-11-25 08:00:00
1377,0.052,0.0,0.178,Low,2021-11-25 09:00:00
1378,0.011,0.0,0.252,Low,2021-11-25 10:00:00
1379,0.023,0.0,0.431,Medium,2021-11-25 11:00:00
1380,0.234,0.0,0.434,High,2021-11-25 12:00:00
1381,0.0,0.0,0.239,High,2021-11-25 13:00:00
1382,0.0,0.0,0.268,High,2021-11-25 14:00:00
1383,0.001,0.0,0.229,Medium,2021-11-25 15:00:00
1384,0.244,0.0,0.018,None,2021-11-25 16:00:00
1385,0.307,0.0,0.0,None,2021-11-25 17:00:00
1386,0.288,0.0,0.0,None,2021-11-25 18:00:00
1387,0.365,0.0,0.0,None,2021-11-25 19:00:00
1388,0.378,0.0,0.0,None,2021-11-25 20:00:00
1389,0.374,0.0,0.0,None,2021-11-25 21:00:00
1390,0.0,0.866,0.0,None,2021-11-25 22:00:00
1391,0.0,0.555,0.0,None,2021-11-25 23:00:00
1392,0.0,0.284,0.0,None,2021-11-26 00:00:00
1393,0.0,0.3,0.0,None,2021-11-26 01:00:00
1394,0.0,0.383,0.0,None,2021-11-26 02:00:00
1395,0.0,0.301,0.0,None,2021-11-26 03:00:00
1396,0.0,0.241,0.0,None,2021-11-26 04:00:00
1397,0.0,0.293,0.0,None,2021-11-26 05:00:00
1398,0.0,0.293,0.0,None,2021-11-26 06:00:00
1399,0.0,1.513,0.0,None,2021-11-26 07:00:00
1400,1.062,0.0,0.283,None,2021-11-26 08:00:00
1401,0.006,0.0,0.345,High,2021-11-26 09:00:00
1402,0.0,0.0,0.383,High,2021-11-26 10:00:00
1403,0.0,0.0,0.287,Very High,2021-11-26 11:00:00
1404,0.053,0.0,0.504,High,2021-11-26 12:00:00
1405,0.0,0.0,0.287,High,2021-11-26 13:00:00
1406,0.211,0.0,0.331,Medium,2021-11-26 14:00:00
1407,0.098,0.0,0.239,Low,2021-11-26 15:00:00
1408,0.389,0.0,0.037,None,2021-11-26 16:00:00
1409,0.414,0.0,0.0,None,2021-11-26 17:00:00
1410,0.459,0.0,0.0,None,2021-11-26 18:00:00
1411,0.418,0.0,0.0,None,2021-11-26 19:00:00
1412,0.392,0.0,0.0,None,2021-11-26 20:00:00
1413,0.781,0.0,0.0,None,2021-11-26 21:00:00
1414,0.0,1.44,0.0,None,2021-11-26 22:00:00
1415,0.0,1.675,0.0,None,2021-11-26 23:00:00
1416,0.0,0.342,0.0,None,2021-11-27 00:00:00
1417,0.0,0.284,0.0,None,2021-11-27 01:00:00
1418,0.0,0.333,0.0,None,2021-11-27 02:00:00
1419,0.0,0.327,0.0,None,2021-11-27 03:00:00
1420,0.0,0.327,0.0,None,2021-11-27 04:00:00
1421,0.0,0.336,0.0,None,2021-11-27 05:00:00
1422,0.0,0.347,0.0,None,2021-11-27 06:00:00
1423,0.0,0.334,0.001,None,2021-11-27 07:00:00
1424,0.36,0.0,0.235,None,2021-11-27 08:00:00
1425,0.136,0.0,0.386,Medium,2021-11-27 09:00:00
1426,0.0,0.0,0.391,High,2021-11-27 10:00:00
1427,0.608,0.0,0.764,Medium,2021-11-27 11:00:00
1428,0.131,0.0,0.594,Medium,2021-11-27 12:00:00
1429,0.197,0.0,0.334,Medium,2021-11-27 13:00:00
1430,0.0,0.0,0.266,Medium,2021-11-27 14:00:00
1431,1.347,0.0,0.256,None,2021-11-27 15:00:00
1432,1.177,0.0,0.023,None,2021-11-27 16:00:00
1433,1.085,0.0,0.0,None,2021-11-27 17:00:00
1434,0.592,0.0,0.0,None,2021-11-27 18:00:00
1435,0.536,0.0,0.0,None,2021-11-27 19:00:00
1436,1.145,0.0,0.0,None,2021-11-27 20:00:00
1437,1.069,0.0,0.0,None,2021-11-27 21:00:00
1438,0.0,0.566,0.0,None,2021-11-27 22:00:00
1439,0.0,0.394,0.0,None,2021-11-27 23:00:00
1440,0.0,0.373,0.0,None,2021-11-28 00:00:00
1441,0.0,0.286,0.0,None,2021-11-28 01:00:00
1442,0.0,0.286,0.0,None,2021-11-28 02:00:00
1443,0.0,0.259,0.0,None,2021-11-28 03:00:00
1444,0.0,0.302,0.0,None,2021-11-28 04:00:00
1445,0.0,0.288,0.0,None,2021-11-28 05:00:00
1446,0.0,0.268,0.0,None,2021-11-28 06:00:00
1447,0.0,0.277,0.003,None,2021-11-28 07:00:00
1448,0.104,0.0,0.207,Low,2021-11-28 08:00:00
1449,0.066,0.0,0.392,Low,2021-11-28 09:00:00
1450,1.421,0.0,0.265,None,2021-11-28 10:00:00
1451,1.915,0.0,0.433,None,2021-11-28 11:00:00
1452,2.54,0.0,0.247,None,2021-11-28 12:00:00
1453,0.535,0.0,0.147,None,2021-11-28 13:00:00
1454,1.961,0.0,0.138,None,2021-11-28 14:00:00
1455,0.801,0.0,0.052,None,2021-11-28 15:00:00
1456,0.468,0.0,0.01,None,2021-11-28 16:00:00
1457,0.666,0.0,0.0,None,2021-11-28 17:00:00
1458,1.1,0.0,0.0,None,2021-11-28 18:00:00
1459,1.486,0.0,0.0,None,2021-11-28 19:00:00
1460,0.84,0.0,0.0,None,2021-11-28 20:00:00
1461,0.596,0.0,0.0,None,2021-11-28 21:00:00
1462,0.0,0.628,0.0,None,2021-11-28 22:00:00
1463,0.0,0.884,0.0,None,2021-11-28 23:00:00
1464,0.0,0.54,0.0,None,2021-11-29 00:00:00
1465,0.0,0.528,0.0,None,2021-11-29 01:00:00
1466,0.0,0.549,0.0,None,2021-11-29 02:00:00
1467,0.0,0.512,0.0,None,2021-11-29 03:00:00
1468,0.0,0.458,0.0,None,2021-11-29 04:00:00
1469,0.0,0.449,0.0,None,2021-11-29 05:00:00
1470,0.0,0.454,0.0,None,2021-11-29 06:00:00
1471,0.0,1.607,0.0,None,2021-11-29 07:00:00
1472,1.29,0.0,0.053,None,2021-11-29 08:00:00
1473,0.374,0.0,0.149,None,2021-11-29 09:00:00
1474,0.253,0.0,0.23,None,2021-11-29 10:00:00
1475,0.007,0.0,0.438,Medium,2021-11-29 11:00:00
1476,0.158,0.0,0.277,Low,2021-11-29 12:00:00
1477,0.244,0.0,0.251,None,2021-11-29 13:00:00
1478,0.203,0.0,0.261,Medium,2021-11-29 14:00:00
1479,0.374,0.0,0.099,None,2021-11-29 15:00:00
1480,0.44,0.0,0.033,None,2021-11-29 16:00:00
1481,0.494,0.0,0.0,None,2021-11-29 17:00:00
1482,0.583,0.0,0.0,None,2021-11-29 18:00:00
1483,0.571,0.0,0.0,None,2021-11-29 19:00:00
1484,0.761,0.0,0.0,None,2021-11-29 20:00:00
1485,0.628,0.0,0.0,None,2021-11-29 21:00:00
1486,0.0,0.61,0.0,None,2021-11-29 22:00:00
1487,0.0,0.613,0.0,None,2021-11-29 23:00:00
1488,0.0,0.547,0.0,None,2021-11-30 00:00:00
1489,0.0,0.571,0.0,None,2021-11-30 01:00:00
1490,0.0,0.577,0.0,None,2021-11-30 02:00:00
1491,0.0,0.494,0.0,None,2021-11-30 03:00:00
1492,0.0,0.502,0.0,None,2021-11-30 04:00:00
1493,0.0,0.486,0.0,None,2021-11-30 05:00:00
1494,0.0,0.476,0.0,None,2021-11-30 06:00:00
1495,0.0,1.776,0.002,None,2021-11-30 07:00:00
1496,0.514,0.0,0.101,None,2021-11-30 08:00:00
1497,0.858,0.0,0.52,None,2021-11-30 09:00:00
1498,0.077,0.0,0.601,Medium,2021-11-30 10:00:00
1499,0.0,0.0,0.494,High,2021-11-30 11:00:00
1500,0.008,0.0,0.582,High,2021-11-30 12:00:00
1501,0.0,0.0,0.467,High,2021-11-30 13:00:00
1502,0.0,0.0,0.472,Medium,2021-11-30 14:00:00
1503,0.163,0.0,0.316,Low,2021-11-30 15:00:00
1504,0.456,0.0,0.016,None,2021-11-30 16:00:00
1505,0.511,0.0,0.0,None,2021-11-30 17:00:00
1506,0.6,0.0,0.0,None,2021-11-30 18:00:00
1507,0.726,0.0,0.0,None,2021-11-30 19:00:00
1508,1.051,0.0,0.0,None,2021-11-30 20:00:00
1509,1.055,0.0,0.0,None,2021-11-30 21:00:00
1510,0.0,0.757,0.0,None,2021-11-30 22:00:00
1511,0.0,0.675,0.0,None,2021-11-30 23:00:00
1512,0.0,0.622,0.0,None,2021-12-01 00:00:00
1513,0.0,0.676,0.0,None,2021-12-01 01:00:00
1514,0.0,0.63,0.0,None,2021-12-01 02:00:00
1515,0.0,0.486,0.0,None,2021-12-01 03:00:00
1516,0.0,0.521,0.0,None,2021-12-01 04:00:00
1517,0.0,0.476,0.0,None,2021-12-01 05:00:00
1518,0.0,0.488,0.0,None,2021-12-01 06:00:00
1519,0.0,0.49,0.0,None,2021-12-01 07:00:00
1520,0.48,0.0,0.011,None,2021-12-01 08:00:00
1521,0.441,0.0,0.053,None,2021-12-01 09:00:00
1522,0.435,0.0,0.062,None,2021-12-01 10:00:00
1523,1.221,0.0,0.078,None,2021-12-01 11:00:00
1524,0.411,0.0,0.115,None,2021-12-01 12:00:00
1525,0.825,0.0,0.186,None,2021-12-01 13:00:00
1526,0.727,0.0,0.191,None,2021-12-01 14:00:00
1527,0.346,0.0,0.101,None,2021-12-01 15:00:00
1528,0.426,0.0,0.021,None,2021-12-01 16:00:00
1529,0.441,0.0,0.0,None,2021-12-01 17:00:00
1530,0.604,0.0,0.0,None,2021-12-01 18:00:00
1531,0.637,0.0,0.0,None,2021-12-01 19:00:00
1532,0.661,0.0,0.0,None,2021-12-01 20:00:00
1533,0.473,0.0,0.0,None,2021-12-01 21:00:00
1534,0.0,0.488,0.0,None,2021-12-01 22:00:00
1535,0.0,1.209,0.0,None,2021-12-01 23:00:00
1536,0.0,1.423,0.0,None,2021-12-02 00:00:00
1537,0.0,0.684,0.0,None,2021-12-02 01:00:00
1538,0.0,0.421,0.0,None,2021-12-02 02:00:00
1539,0.0,0.346,0.0,None,2021-12-02 03:00:00
1540,0.0,0.349,0.0,None,2021-12-02 04:00:00
1541,0.0,0.328,0.0,None,2021-12-02 05:00:00
1542,0.0,0.337,0.0,None,2021-12-02 06:00:00
1543,0.0,1.468,0.001,None,2021-12-02 07:00:00
1544,0.408,0.0,0.233,None,2021-12-02 08:00:00
1545,0.0,0.0,0.441,Medium,2021-12-02 09:00:00
1546,0.0,0.0,0.429,High,2021-12-02 10:00:00
1547,0.357,0.0,0.665,Medium,2021-12-02 11:00:00
1548,0.305,0.0,0.815,Medium,2021-12-02 12:00:00
1549,0.795,0.0,0.932,None,2021-12-02 13:00:00
1550,0.647,0.0,0.608,Medium,2021-12-02 14:00:00
1551,1.017,0.0,0.247,None,2021-12-02 15:00:00
1552,0.333,0.0,0.019,None,2021-12-02 16:00:00
1553,0.387,0.0,0.0,None,2021-12-02 17:00:00
1554,0.509,0.0,0.0,None,2021-12-02 18:00:00
1555,0.933,0.0,0.0,None,2021-12-02 19:00:00
1556,0.792,0.0,0.0,None,2021-12-02 20:00:00
1557,0.477,0.0,0.0,None,2021-12-02 21:00:00
1558,0.0,0.868,0.0,None,2021-12-02 22:00:00
1559,0.0,0.484,0.0,None,2021-12-02 23:00:00
1560,0.0,0.329,0.0,None,2021-12-03 00:00:00
1561,0.0,0.31,0.0,None,2021-12-03 01:00:00
1562,0.0,0.285,0.0,None,2021-12-03 02:00:00
1563,0.0,0.285,0.0,None,2021-12-03 03:00:00
1564,0.0,0.291,0.0,None,2021-12-03 04:00:00
1565,0.0,0.288,0.0,None,2021-12-03 05:00:00
1566,0.0,0.283,0.0,None,2021-12-03 06:00:00
1567,0.0,1.482,0.0,None,2021-12-03 07:00:00
1568,0.434,0.0,0.069,None,2021-12-03 08:00:00
1569,1.112,0.0,0.267,None,2021-12-03 09:00:00
1570,0.564,0.0,0.326,Medium,2021-12-03 10:00:00
1571,0.56,0.0,0.258,None,2021-12-03 11:00:00
1572,0.593,0.0,0.145,None,2021-12-03 12:00:00
1573,0.203,0.0,0.134,None,2021-12-03 13:00:00
1574,0.731,0.0,0.077,None,2021-12-03 14:00:00
1575,0.495,0.0,0.053,None,2021-12-03 15:00:00
1576,0.298,0.0,0.004,None,2021-12-03 16:00:00
1577,1.213,0.0,0.0,None,2021-12-03 17:00:00
1578,0.546,0.0,0.0,None,2021-12-03 18:00:00
1579,0.459,0.0,0.0,None,2021-12-03 19:00:00
1580,0.37,0.0,0.0,None,2021-12-03 20:00:00
1581,0.362,0.0,0.0,None,2021-12-03 21:00:00
1582,0.0,0.409,0.0,None,2021-12-03 22:00:00
1583,0.0,0.512,0.0,None,2021-12-03 23:00:00
1584,0.0,0.496,0.0,None,2021-12-04 00:00:00
1585,0.0,0.492,0.0,None,2021-12-04 01:00:00
1586,0.0,0.508,0.0,None,2021-12-04 02:00:00
1587,0.0,0.441,0.0,None,2021-12-04 03:00:00
1588,0.0,0.325,0.0,None,2021-12-04 04:00:00
1589,0.0,0.306,0.0,None,2021-12-04 05:00:00
1590,0.0,0.324,0.0,None,2021-12-04 06:00:00
1591,0.0,1.313,0.0,None,2021-12-04 07:00:00
1592,0.319,0.0,0.014,None,2021-12-04 08:00:00
1593,0.08,0.0,0.229,Medium,2021-12-04 09:00:00
1594,0.022,0.0,0.472,Medium,2021-12-04 10:00:00
1595,0.0,0.0,0.508,High,2021-12-04 11:00:00
1596,1.209,0.0,0.878,Medium,2021-12-04 12:00:00
1597,0.867,0.0,0.838,None,2021-12-04 13:00:00
1598,0.0,0.0,0.43,Medium,2021-12-04 14:00:00
1599,0.633,0.0,0.332,Low,2021-12-04 15:00:00
1600,0.412,0.0,0.02,None,2021-12-04 16:00:00
1601,0.471,0.0,0.0,None,2021-12-04 17:00:00
1602,0.472,0.0,0.0,None,2021-12-04 18:00:00
1603,0.917,0.0,0.0,None,2021-12-04 19:00:00
1604,0.923,0.0,0.0,None,2021-12-04 20:00:00
1605,0.362,0.0,0.0,None,2021-12-04 21:00:00
1606,0.0,0.583,0.0,None,2021-12-04 22:00:00
1607,0.0,0.267,0.0,None,2021-12-04 23:00:00
1608,0.0,0.345,0.0,None,2021-12-05 00:00:00
1609,0.0,0.24,0.0,None,2021-12-05 01:00:00
1610,0.0,0.227,0.0,None,2021-12-05 02:00:00
1611,0.0,0.305,0.0,None,2021-12-05 03:00:00
1612,0.0,0.385,0.0,None,2021-12-05 04:00:00
1613,0.0,0.368,0.0,None,2021-12-05 05:00:00
1614,0.0,0.246,0.0,None,2021-12-05 06:00:00
1615,0.0,0.236,0.0,None,2021-12-05 07:00:00
1616,0.296,0.0,0.091,None,2021-12-05 08:00:00
1617,1.011,0.0,0.333,Low,2021-12-05 09:00:00
1618,0.21,0.0,0.365,Medium,2021-12-05 10:00:00
1619,1.091,0.0,0.324,None,2021-12-05 11:00:00
1620,1.261,0.0,0.496,None,2021-12-05 12:00:00
1621,0.384,0.0,0.357,Low,2021-12-05 13:00:00
1622,0.525,0.0,0.114,None,2021-12-05 14:00:00
1623,0.343,0.0,0.074,None,2021-12-05 15:00:00
1624,0.962,0.0,0.03,None,2021-12-05 16:00:00
1625,0.516,0.0,0.0,None,2021-12-05 17:00:00
1626,0.626,0.0,0.0,None,2021-12-05 18:00:00
1627,1.146,0.0,0.0,None,2021-12-05 19:00:00
1628,1.212,0.0,0.0,None,2021-12-05 20:00:00
1629,1.934,0.0,0.0,None,2021-12-05 21:00:00
1630,0.0,0.695,0.0,None,2021-12-05 22:00:00
1631,0.0,0.577,0.0,None,2021-12-05 23:00:00
1632,0.0,0.602,0.0,None,2021-12-06 00:00:00
1633,0.0,2.053,0.0,None,2021-12-06 01:00:00
1634,0.0,0.25,0.0,None,2021-12-06 02:00:00
1635,0.0,0.268,0.0,None,2021-12-06 03:00:00
1636,0.0,0.345,0.0,None,2021-12-06 04:00:00
1637,0.0,0.246,0.0,None,2021-12-06 05:00:00
1638,0.0,0.264,0.0,None,2021-12-06 06:00:00
1639,0.0,1.491,0.0,None,2021-12-06 07:00:00
1640,0.392,0.0,0.026,None,2021-12-06 08:00:00
1641,0.159,0.0,0.071,None,2021-12-06 09:00:00
1642,0.074,0.0,0.15,None,2021-12-06 10:00:00
1643,0.144,0.0,0.074,None,2021-12-06 11:00:00
1644,0.101,0.0,0.121,None,2021-12-06 12:00:00
1645,0.156,0.0,0.08,None,2021-12-06 13:00:00
1646,0.163,0.0,0.07,None,2021-12-06 14:00:00
1647,0.241,0.0,0.043,None,2021-12-06 15:00:00
1648,0.887,0.0,0.004,None,2021-12-06 16:00:00
1649,0.246,0.0,0.0,None,2021-12-06 17:00:00
1650,0.248,0.0,0.0,None,2021-12-06 18:00:00
1651,0.731,0.0,0.0,None,2021-12-06 19:00:00
1652,0.486,0.0,0.0,None,2021-12-06 20:00:00
1653,0.403,0.0,0.0,None,2021-12-06 21:00:00
1654,0.0,0.477,0.0,None,2021-12-06 22:00:00
1655,0.0,0.663,0.0,None,2021-12-06 23:00:00
1656,0.0,1.472,0.0,None,2021-12-07 00:00:00
1657,0.0,0.337,0.0,None,2021-12-07 01:00:00
1658,0.0,0.337,0.0,None,2021-12-07 02:00:00
1659,0.0,0.294,0.0,None,2021-12-07 03:00:00
1660,0.0,0.242,0.0,None,2021-12-07 04:00:00
1661,0.0,0.242,0.0,None,2021-12-07 05:00:00
1662,0.0,0.259,0.0,None,2021-12-07 06:00:00
1663,0.0,1.377,0.0,None,2021-12-07 07:00:00
1664,0.981,0.0,0.014,None,2021-12-07 08:00:00
1665,0.196,0.0,0.052,None,2021-12-07 09:00:00
1666,0.181,0.0,0.0,None,2021-12-07 10:00:00
1667,0.151,0.0,0.0,None,2021-12-07 11:00:00
1668,0.249,0.0,0.232,None,2021-12-07 12:00:00
1669,0.212,0.0,0.046,None,2021-12-07 13:00:00
1670,0.21,0.0,0.042,None,2021-12-07 14:00:00
1671,0.248,0.0,0.004,None,2021-12-07 15:00:00
1672,0.0,0.0,0.0,None,2021-12-07 16:00:00
1673,0.0,0.0,0.0,None,2021-12-07 17:00:00
1674,0.0,0.0,0.0,None,2021-12-07 18:00:00
1675,0.0,0.0,0.0,None,2021-12-07 19:00:00
1676,0.0,0.0,0.0,None,2021-12-07 20:00:00
1677,0.0,0.0,0.0,None,2021-12-07 21:00:00
1678,0.0,0.0,0.0,None,2021-12-07 22:00:00
1679,0.0,0.0,0.0,None,2021-12-07 23:00:00
1680,0.0,0.0,0.0,None,2021-12-08 00:00:00
1681,0.0,0.0,0.0,None,2021-12-08 01:00:00
1682,0.0,0.0,0.0,None,2021-12-08 02:00:00
1683,0.0,0.0,0.0,None,2021-12-08 03:00:00
1684,0.0,0.0,0.0,None,2021-12-08 04:00:00
1685,0.0,0.0,0.0,None,2021-12-08 05:00:00
1686,0.0,6.978,0.0,None,2021-12-08 06:00:00
1687,0.0,0.682,0.0,None,2021-12-08 07:00:00
1688,0.176,0.0,0.083,None,2021-12-08 08:00:00
1689,0.18,0.0,0.134,Medium,2021-12-08 09:00:00
1690,0.481,0.0,0.321,None,2021-12-08 10:00:00
1691,0.625,0.0,0.278,None,2021-12-08 11:00:00
1692,1.539,0.0,0.309,None,2021-12-08 12:00:00
1693,0.494,0.0,0.179,None,2021-12-08 13:00:00
1694,0.32,0.0,0.208,None,2021-12-08 14:00:00
1695,0.37,0.0,0.103,None,2021-12-08 15:00:00
1696,0.6,0.0,0.003,None,2021-12-08 16:00:00
1697,0.601,0.0,0.0,None,2021-12-08 17:00:00
1698,1.209,0.0,0.0,None,2021-12-08 18:00:00
1699,1.25,0.0,0.0,None,2021-12-08 19:00:00
1700,1.31,0.0,0.0,None,2021-12-08 20:00:00
1701,1.276,0.0,0.0,None,2021-12-08 21:00:00
1702,0.0,0.512,0.0,None,2021-12-08 22:00:00
1703,0.0,0.502,0.0,None,2021-12-08 23:00:00
1704,0.0,0.423,0.0,None,2021-12-09 00:00:00
1705,0.0,0.511,0.0,None,2021-12-09 01:00:00
1706,0.0,0.345,0.0,None,2021-12-09 02:00:00
1707,0.0,0.315,0.0,None,2021-12-09 03:00:00
1708,0.0,0.277,0.0,None,2021-12-09 04:00:00
1709,0.0,0.282,0.0,None,2021-12-09 05:00:00
1710,0.0,0.29,0.0,None,2021-12-09 06:00:00
1711,0.0,1.395,0.0,None,2021-12-09 07:00:00
1712,0.388,0.0,0.01,None,2021-12-09 08:00:00
1713,0.216,0.0,0.074,None,2021-12-09 09:00:00
1714,0.087,0.0,0.192,Low,2021-12-09 10:00:00
1715,0.111,0.0,0.163,Low,2021-12-09 11:00:00
1716,0.355,0.0,0.21,Low,2021-12-09 12:00:00
1717,0.019,0.0,0.265,Low,2021-12-09 13:00:00
1718,0.182,0.0,0.133,None,2021-12-09 14:00:00
1719,0.295,0.0,0.052,None,2021-12-09 15:00:00
1720,0.959,0.0,0.008,None,2021-12-09 16:00:00
1721,1.099,0.0,0.0,None,2021-12-09 17:00:00
1722,1.122,0.0,0.0,None,2021-12-09 18:00:00
1723,1.003,0.0,0.0,None,2021-12-09 19:00:00
1724,1.049,0.0,0.0,None,2021-12-09 20:00:00
1725,1.032,0.0,0.0,None,2021-12-09 21:00:00
1726,0.0,0.591,0.0,None,2021-12-09 22:00:00
1727,0.0,0.625,0.0,None,2021-12-09 23:00:00
1728,0.0,0.456,0.0,None,2021-12-10 00:00:00
1729,0.0,0.446,0.0,None,2021-12-10 01:00:00
1730,0.0,0.444,0.0,None,2021-12-10 02:00:00
1731,0.0,0.45,0.0,None,2021-12-10 03:00:00
1732,0.0,0.397,0.0,None,2021-12-10 04:00:00
1733,0.0,0.362,0.0,None,2021-12-10 05:00:00
1734,0.0,0.281,0.0,None,2021-12-10 06:00:00
1735,0.0,1.187,0.0,None,2021-12-10 07:00:00
1736,0.352,0.0,0.003,None,2021-12-10 08:00:00
1737,0.258,0.0,0.025,None,2021-12-10 09:00:00
1738,0.253,0.0,0.035,None,2021-12-10 10:00:00
1739,0.0,0.0,0.293,High,2021-12-10 11:00:00
1740,0.024,0.0,0.265,High,2021-12-10 12:00:00
1741,0.0,0.0,0.286,High,2021-12-10 13:00:00
1742,0.035,0.0,0.238,Medium,2021-12-10 14:00:00
1743,0.287,0.0,0.122,None,2021-12-10 15:00:00
1744,0.762,0.0,0.027,None,2021-12-10 16:00:00
1745,0.342,0.0,0.0,None,2021-12-10 17:00:00
1746,0.391,0.0,0.0,None,2021-12-10 18:00:00
1747,0.416,0.0,0.0,None,2021-12-10 19:00:00
1748,0.326,0.0,0.0,None,2021-12-10 20:00:00
1749,0.315,0.0,0.0,None,2021-12-10 21:00:00
1750,0.0,0.383,0.0,None,2021-12-10 22:00:00
1751,0.0,0.371,0.0,None,2021-12-10 23:00:00
1752,0.0,0.467,0.0,None,2021-12-11 00:00:00
1753,0.0,0.49,0.0,None,2021-12-11 01:00:00
1754,0.0,0.347,0.0,None,2021-12-11 02:00:00
1755,0.0,0.241,0.0,None,2021-12-11 03:00:00
1756,0.0,0.23,0.0,None,2021-12-11 04:00:00
1757,0.0,0.228,0.0,None,2021-12-11 05:00:00
1758,0.0,0.279,0.0,None,2021-12-11 06:00:00
1759,0.0,0.238,0.0,None,2021-12-11 07:00:00
1760,0.536,0.0,0.021,None,2021-12-11 08:00:00
1761,1.09,0.0,0.102,None,2021-12-11 09:00:00
1762,1.623,0.0,0.16,None,2021-12-11 10:00:00
1763,1.022,0.0,0.233,None,2021-12-11 11:00:00
1764,0.215,0.0,0.24,None,2021-12-11 12:00:00
1765,0.174,0.0,0.192,None,2021-12-11 13:00:00
1766,0.286,0.0,0.146,None,2021-12-11 14:00:00
1767,0.278,0.0,0.118,None,2021-12-11 15:00:00
1768,0.416,0.0,0.023,None,2021-12-11 16:00:00
1769,1.222,0.0,0.0,None,2021-12-11 17:00:00
1770,0.372,0.0,0.0,None,2021-12-11 18:00:00
1771,0.304,0.0,0.0,None,2021-12-11 19:00:00
1772,0.295,0.0,0.0,None,2021-12-11 20:00:00
1773,0.38,0.0,0.0,None,2021-12-11 21:00:00
1774,0.0,0.527,0.0,None,2021-12-11 22:00:00
1775,0.0,1.316,0.0,None,2021-12-11 23:00:00
1776,0.0,0.549,0.0,None,2021-12-12 00:00:00
1777,0.0,0.302,0.0,None,2021-12-12 01:00:00
1778,0.0,0.292,0.0,None,2021-12-12 02:00:00
1779,0.0,0.292,0.0,None,2021-12-12 03:00:00
1780,0.0,0.32,0.0,None,2021-12-12 04:00:00
1781,0.0,0.399,0.0,None,2021-12-12 05:00:00
1782,0.0,0.298,0.0,None,2021-12-12 06:00:00
1783,0.0,0.78,0.0,None,2021-12-12 07:00:00
1784,0.201,0.0,0.068,None,2021-12-12 08:00:00
1785,0.177,0.0,0.438,Medium,2021-12-12 09:00:00
1786,0.966,0.0,0.656,Medium,2021-12-12 10:00:00
1787,0.944,0.0,0.858,None,2021-12-12 11:00:00
1788,1.45,0.0,0.88,None,2021-12-12 12:00:00
1789,0.587,0.0,0.721,Low,2021-12-12 13:00:00
1790,0.0,0.0,0.544,Medium,2021-12-12 14:00:00
1791,0.235,0.0,0.332,None,2021-12-12 15:00:00
1792,0.736,0.0,0.013,None,2021-12-12 16:00:00
1793,1.254,0.0,0.0,None,2021-12-12 17:00:00
1794,0.741,0.0,0.0,None,2021-12-12 18:00:00
1795,1.684,0.0,0.0,None,2021-12-12 19:00:00
1796,0.662,0.0,0.0,None,2021-12-12 20:00:00
1797,0.449,0.0,0.0,None,2021-12-12 21:00:00
1798,0.0,0.387,0.0,None,2021-12-12 22:00:00
1799,0.0,1.102,0.0,None,2021-12-12 23:00:00
1800,0.0,1.071,0.0,None,2021-12-13 00:00:00
1801,0.0,0.329,0.0,None,2021-12-13 01:00:00
1802,0.0,0.314,0.0,None,2021-12-13 02:00:00
1803,0.0,0.327,0.0,None,2021-12-13 03:00:00
1804,0.0,0.28,0.0,None,2021-12-13 04:00:00
1805,0.0,0.276,0.0,None,2021-12-13 05:00:00
1806,0.0,0.288,0.0,None,2021-12-13 06:00:00
1807,0.0,1.319,0.0,None,2021-12-13 07:00:00
1808,0.636,0.0,0.143,Low,2021-12-13 08:00:00
1809,0.0,0.0,0.276,Medium,2021-12-13 09:00:00
1810,0.0,0.0,0.27,High,2021-12-13 10:00:00
1811,0.0,0.0,0.275,High,2021-12-13 11:00:00
1812,0.0,0.0,0.277,High,2021-12-13 12:00:00
1813,0.0,0.0,0.284,High,2021-12-13 13:00:00
1814,0.0,0.0,0.275,High,2021-12-13 14:00:00
1815,0.034,0.0,0.24,Medium,2021-12-13 15:00:00
1816,0.275,0.0,0.013,None,2021-12-13 16:00:00
1817,1.248,0.0,0.0,None,2021-12-13 17:00:00
1818,0.38,0.0,0.0,None,2021-12-13 18:00:00
1819,0.582,0.0,0.0,None,2021-12-13 19:00:00
1820,1.256,0.0,0.0,None,2021-12-13 20:00:00
1821,0.461,0.0,0.0,None,2021-12-13 21:00:00
1822,0.0,0.599,0.0,None,2021-12-13 22:00:00
1823,0.0,0.474,0.0,None,2021-12-13 23:00:00
1824,0.0,0.422,0.0,None,2021-12-14 00:00:00
1825,0.0,0.305,0.0,None,2021-12-14 01:00:00
1826,0.0,0.278,0.0,None,2021-12-14 02:00:00
1827,0.0,0.271,0.0,None,2021-12-14 03:00:00
1828,0.0,0.281,0.0,None,2021-12-14 04:00:00
1829,0.0,0.29,0.0,None,2021-12-14 05:00:00
1830,0.0,0.289,0.0,None,2021-12-14 06:00:00
1831,0.0,1.045,0.0,None,2021-12-14 07:00:00
1832,0.35,0.0,0.144,Low,2021-12-14 08:00:00
1833,0.15,0.0,0.403,Medium,2021-12-14 09:00:00
1834,0.0,0.0,0.277,High,2021-12-14 10:00:00
1835,0.0,0.0,0.281,High,2021-12-14 11:00:00
1836,0.0,0.0,0.292,High,2021-12-14 12:00:00
1837,0.0,0.0,0.29,High,2021-12-14 13:00:00
1838,0.0,0.0,0.284,High,2021-12-14 14:00:00
1839,0.033,0.0,0.252,Medium,2021-12-14 15:00:00
1840,0.261,0.0,0.011,None,2021-12-14 16:00:00
1841,0.294,0.0,0.0,None,2021-12-14 17:00:00
1842,0.366,0.0,0.0,None,2021-12-14 18:00:00
1843,0.475,0.0,0.0,None,2021-12-14 19:00:00
1844,0.87,0.0,0.0,None,2021-12-14 20:00:00
1845,0.474,0.0,0.0,None,2021-12-14 21:00:00
1846,0.0,0.551,0.0,None,2021-12-14 22:00:00
1847,0.0,0.438,0.0,None,2021-12-14 23:00:00
1848,0.0,0.281,0.0,None,2021-12-15 00:00:00
1849,0.0,0.3,0.0,None,2021-12-15 01:00:00
1850,0.0,0.296,0.0,None,2021-12-15 02:00:00
1851,0.0,0.296,0.0,None,2021-12-15 03:00:00
1852,0.0,0.297,0.0,None,2021-12-15 04:00:00
1853,0.0,0.279,0.0,None,2021-12-15 05:00:00
1854,0.0,0.349,0.0,None,2021-12-15 06:00:00
1855,0.0,1.669,0.0,None,2021-12-15 07:00:00
1856,0.483,0.0,0.135,None,2021-12-15 08:00:00
1857,0.0,0.0,0.29,None,2021-12-15 09:00:00
1858,0.0,0.0,0.291,None,2021-12-15 10:00:00
1859,0.0,0.0,0.297,None,2021-12-15 11:00:00
1860,0.0,0.0,0.286,None,2021-12-15 12:00:00
1861,0.0,0.0,0.277,None,2021-12-15 13:00:00
1862,0.0,0.0,0.28,None,2021-12-15 14:00:00
1863,0.017,0.0,0.271,None,2021-12-15 15:00:00
1864,0.272,0.0,0.013,None,2021-12-15 16:00:00
1865,0.306,0.0,0.0,None,2021-12-15 17:00:00
1866,0.965,0.0,0.0,None,2021-12-15 18:00:00
1867,0.819,0.0,0.0,None,2021-12-15 19:00:00
1868,0.789,0.0,0.0,None,2021-12-15 20:00:00
1869,0.727,0.0,0.0,None,2021-12-15 21:00:00
1870,0.0,0.709,0.0,None,2021-12-15 22:00:00
1871,0.0,0.448,0.0,None,2021-12-15 23:00:00
1872,0.0,0.519,0.0,None,2021-12-16 00:00:00
1873,0.0,0.412,0.0,None,2021-12-16 01:00:00
1874,0.0,0.334,0.0,None,2021-12-16 02:00:00
1875,0.0,0.301,0.0,None,2021-12-16 03:00:00
1876,0.0,0.298,0.0,None,2021-12-16 04:00:00
1877,0.0,0.28,0.0,None,2021-12-16 05:00:00
1878,0.0,0.266,0.0,None,2021-12-16 06:00:00
1879,0.0,0.985,0.0,None,2021-12-16 07:00:00
1880,0.643,0.0,0.158,None,2021-12-16 08:00:00
1881,0.835,0.0,0.565,None,2021-12-16 09:00:00
1882,0.392,0.0,0.597,Medium,2021-12-16 10:00:00
1883,0.0,0.0,0.246,High,2021-12-16 11:00:00
1884,0.0,0.0,0.246,High,2021-12-16 12:00:00
1885,0.0,0.0,0.232,High,2021-12-16 13:00:00
1886,0.038,0.0,0.358,Medium,2021-12-16 14:00:00
1887,0.201,0.0,0.235,Medium,2021-12-16 15:00:00
1888,0.244,0.0,0.014,None,2021-12-16 16:00:00
1889,0.281,0.0,0.0,None,2021-12-16 17:00:00
1890,0.298,0.0,0.0,None,2021-12-16 18:00:00
1891,0.372,0.0,0.0,None,2021-12-16 19:00:00
1892,0.435,0.0,0.0,None,2021-12-16 20:00:00
1893,0.434,0.0,0.0,None,2021-12-16 21:00:00
1894,0.0,0.469,0.0,None,2021-12-16 22:00:00
1895,0.0,0.308,0.0,None,2021-12-16 23:00:00
1896,0.0,0.313,0.0,None,2021-12-17 00:00:00
1897,0.0,0.32,0.0,None,2021-12-17 01:00:00
1898,0.0,0.32,0.0,None,2021-12-17 02:00:00
1899,0.0,0.337,0.0,None,2021-12-17 03:00:00
1900,0.0,0.734,0.0,None,2021-12-17 04:00:00
1901,0.0,0.269,0.0,None,2021-12-17 05:00:00
1902,0.0,0.286,0.0,None,2021-12-17 06:00:00
1903,0.0,1.511,0.0,None,2021-12-17 07:00:00
1904,0.276,0.0,0.117,Low,2021-12-17 08:00:00
1905,0.0,0.0,0.244,High,2021-12-17 09:00:00
1906,0.0,0.0,0.239,High,2021-12-17 10:00:00
1907,0.4,0.0,0.558,High,2021-12-17 11:00:00
1908,0.0,0.0,0.297,High,2021-12-17 12:00:00
1909,0.0,0.0,0.251,High,2021-12-17 13:00:00
1910,0.0,0.0,0.255,High,2021-12-17 14:00:00
1911,0.126,0.0,0.245,Medium,2021-12-17 15:00:00
1912,0.541,0.0,0.015,None,2021-12-17 16:00:00
1913,0.351,0.0,0.0,None,2021-12-17 17:00:00
1914,0.421,0.0,0.0,None,2021-12-17 18:00:00
1915,0.982,0.0,0.0,None,2021-12-17 19:00:00
1916,0.63,0.0,0.0,None,2021-12-17 20:00:00
1917,0.469,0.0,0.0,None,2021-12-17 21:00:00
1918,0.0,0.465,0.0,None,2021-12-17 22:00:00
1919,0.0,1.269,0.0,None,2021-12-17 23:00:00
1920,0.0,0.677,0.0,None,2021-12-18 00:00:00
1921,0.0,0.348,0.0,None,2021-12-18 01:00:00
1922,0.0,0.252,0.0,None,2021-12-18 02:00:00
1923,0.0,0.25,0.0,None,2021-12-18 03:00:00
1924,0.0,0.274,0.0,None,2021-12-18 04:00:00
1925,0.0,0.245,0.0,None,2021-12-18 05:00:00
1926,0.0,0.263,0.0,None,2021-12-18 06:00:00
1927,0.0,1.499,0.0,None,2021-12-18 07:00:00
1928,0.232,0.0,0.1,None,2021-12-18 08:00:00
1929,0.179,0.0,0.388,Medium,2021-12-18 09:00:00
1930,0.0,0.0,0.395,High,2021-12-18 10:00:00
1931,0.338,0.0,0.588,Medium,2021-12-18 11:00:00
1932,0.637,0.0,0.688,Medium,2021-12-18 12:00:00
1933,0.256,0.0,0.557,Medium,2021-12-18 13:00:00
1934,0.267,0.0,0.441,Medium,2021-12-18 14:00:00
1935,0.025,0.0,0.273,Low,2021-12-18 15:00:00
1936,1.201,0.0,0.02,None,2021-12-18 16:00:00
1937,1.424,0.0,0.0,None,2021-12-18 17:00:00
1938,0.904,0.0,0.0,None,2021-12-18 18:00:00
1939,1.372,0.0,0.0,None,2021-12-18 19:00:00
1940,0.875,0.0,0.0,None,2021-12-18 20:00:00
1941,0.761,0.0,0.0,None,2021-12-18 21:00:00
1942,0.0,0.59,0.0,None,2021-12-18 22:00:00
1943,0.0,0.516,0.0,None,2021-12-18 23:00:00
1944,0.0,0.5,0.0,None,2021-12-19 00:00:00
1945,0.0,0.454,0.0,None,2021-12-19 01:00:00
1946,0.0,0.397,0.0,None,2021-12-19 02:00:00
1947,0.0,0.349,0.0,None,2021-12-19 03:00:00
1948,0.0,0.324,0.0,None,2021-12-19 04:00:00
1949,0.0,0.259,0.0,None,2021-12-19 05:00:00
1950,0.0,0.997,0.0,None,2021-12-19 06:00:00
1951,0.0,0.5,0.0,None,2021-12-19 07:00:00
1952,0.23,0.0,0.098,None,2021-12-19 08:00:00
1953,0.089,0.0,0.425,Medium,2021-12-19 09:00:00
1954,1.299,0.0,0.686,None,2021-12-19 10:00:00
1955,0.729,0.0,0.753,Low,2021-12-19 11:00:00
1956,0.997,0.0,0.86,None,2021-12-19 12:00:00
1957,0.0,0.0,0.345,High,2021-12-19 13:00:00
1958,0.008,0.0,0.404,Medium,2021-12-19 14:00:00
1959,0.036,0.0,0.298,Low,2021-12-19 15:00:00
1960,0.306,0.0,0.015,None,2021-12-19 16:00:00
1961,0.363,0.0,0.0,None,2021-12-19 17:00:00
1962,0.957,0.0,0.0,None,2021-12-19 18:00:00
1963,1.858,0.0,0.0,None,2021-12-19 19:00:00
1964,1.155,0.0,0.0,None,2021-12-19 20:00:00
1965,0.806,0.0,0.0,None,2021-12-19 21:00:00
1966,0.0,0.656,0.0,None,2021-12-19 22:00:00
1967,0.0,0.624,0.0,None,2021-12-19 23:00:00
1968,0.0,0.508,0.0,None,2021-12-20 00:00:00
1969,0.0,0.337,0.0,None,2021-12-20 01:00:00
1970,0.0,0.331,0.0,None,2021-12-20 02:00:00
1971,0.0,0.337,0.0,None,2021-12-20 03:00:00
1972,0.0,0.296,0.0,None,2021-12-20 04:00:00
1973,0.0,0.257,0.0,None,2021-12-20 05:00:00
1974,0.0,0.256,0.0,None,2021-12-20 06:00:00
1975,0.0,1.232,0.0,None,2021-12-20 07:00:00
1976,1.277,0.0,0.018,None,2021-12-20 08:00:00
1977,0.148,0.0,0.077,None,2021-12-20 09:00:00
1978,0.082,0.0,0.139,None,2021-12-20 10:00:00
1979,0.103,0.0,0.173,None,2021-12-20 11:00:00
1980,0.49,0.0,0.111,None,2021-12-20 12:00:00
1981,0.218,0.0,0.06,None,2021-12-20 13:00:00
1982,0.311,0.0,0.003,None,2021-12-20 14:00:00
1983,0.268,0.0,0.003,None,2021-12-20 15:00:00
1984,1.174,0.0,0.0,None,2021-12-20 16:00:00
1985,0.581,0.0,0.0,None,2021-12-20 17:00:00
1986,1.752,0.0,0.0,None,2021-12-20 18:00:00
1987,1.779,0.0,0.0,None,2021-12-20 19:00:00
1988,1.15,0.0,0.0,None,2021-12-20 20:00:00
1989,0.462,0.0,0.0,None,2021-12-20 21:00:00
1990,0.0,0.719,0.0,None,2021-12-20 22:00:00
1991,0.0,0.594,0.0,None,2021-12-20 23:00:00
1992,0.0,0.508,0.0,None,2021-12-21 00:00:00
1993,0.0,0.431,0.0,None,2021-12-21 01:00:00
1994,0.0,0.384,0.0,None,2021-12-21 02:00:00
1995,0.0,0.39,0.0,None,2021-12-21 03:00:00
1996,0.0,0.55,0.0,None,2021-12-21 04:00:00
1997,0.0,0.395,0.0,None,2021-12-21 05:00:00
1998,0.0,0.389,0.0,None,2021-12-21 06:00:00
1999,0.0,0.884,0.0,None,2021-12-21 07:00:00
2000,0.269,0.0,0.132,None,2021-12-21 08:00:00
2001,0.0,0.0,0.337,Medium,2021-12-21 09:00:00
2002,0.0,0.0,0.341,High,2021-12-21 10:00:00
2003,0.0,0.0,0.355,High,2021-12-21 11:00:00
2004,0.15,0.0,0.573,Medium,2021-12-21 12:00:00
2005,0.037,0.0,0.31,Medium,2021-12-21 13:00:00
2006,0.03,0.0,0.305,Low,2021-12-21 14:00:00
2007,0.18,0.0,0.155,None,2021-12-21 15:00:00
2008,0.407,0.0,0.011,None,2021-12-21 16:00:00
2009,0.755,0.0,0.0,None,2021-12-21 17:00:00
2010,0.6,0.0,0.0,None,2021-12-21 18:00:00
2011,0.818,0.0,0.0,None,2021-12-21 19:00:00
2012,0.995,0.0,0.0,None,2021-12-21 20:00:00
2013,0.721,0.0,0.0,None,2021-12-21 21:00:00
2014,0.0,0.593,0.0,None,2021-12-21 22:00:00
2015,0.0,0.998,0.0,None,2021-12-21 23:00:00
2016,0.0,1.297,0.0,None,2021-12-22 00:00:00
2017,0.0,0.365,0.0,None,2021-12-22 01:00:00
2018,0.0,0.372,0.0,None,2021-12-22 02:00:00
2019,0.0,0.353,0.0,None,2021-12-22 03:00:00
2020,0.0,0.301,0.0,None,2021-12-22 04:00:00
2021,0.0,0.437,0.0,None,2021-12-22 05:00:00
2022,0.0,0.321,0.0,None,2021-12-22 06:00:00
2023,0.0,1.026,0.0,None,2021-12-22 07:00:00
2024,0.526,0.0,0.108,None,2021-12-22 08:00:00
2025,0.0,0.0,0.287,Medium,2021-12-22 09:00:00
2026,0.0,0.0,0.278,High,2021-12-22 10:00:00
2027,0.0,0.0,0.276,High,2021-12-22 11:00:00
2028,0.0,0.0,0.282,Medium,2021-12-22 12:00:00
2029,0.102,0.0,0.18,Medium,2021-12-22 13:00:00
2030,0.304,0.0,0.133,None,2021-12-22 14:00:00
2031,0.649,0.0,0.074,None,2021-12-22 15:00:00
2032,0.697,0.0,0.01,None,2021-12-22 16:00:00
2033,0.348,0.0,0.0,None,2021-12-22 17:00:00
2034,0.358,0.0,0.0,None,2021-12-22 18:00:00
2035,0.343,0.0,0.0,None,2021-12-22 19:00:00
2036,0.728,0.0,0.0,None,2021-12-22 20:00:00
2037,0.903,0.0,0.0,None,2021-12-22 21:00:00
2038,0.0,0.83,0.0,None,2021-12-22 22:00:00
2039,0.0,0.626,0.0,None,2021-12-22 23:00:00
2040,0.0,0.558,0.0,None,2021-12-23 00:00:00
2041,0.0,0.287,0.0,None,2021-12-23 01:00:00
2042,0.0,0.288,0.0,None,2021-12-23 02:00:00
2043,0.0,0.351,0.0,None,2021-12-23 03:00:00
2044,0.0,0.299,0.0,None,2021-12-23 04:00:00
2045,0.0,0.301,0.0,None,2021-12-23 05:00:00
2046,0.0,0.696,0.0,None,2021-12-23 06:00:00
2047,0.0,0.865,0.0,None,2021-12-23 07:00:00
2048,0.622,0.0,0.001,None,2021-12-23 08:00:00
2049,0.333,0.0,0.024,None,2021-12-23 09:00:00
2050,0.182,0.0,0.117,Low,2021-12-23 10:00:00
2051,0.074,0.0,0.386,Medium,2021-12-23 11:00:00
2052,0.071,0.0,0.332,Medium,2021-12-23 12:00:00
2053,0.121,0.0,0.203,None,2021-12-23 13:00:00
2054,0.138,0.0,0.213,None,2021-12-23 14:00:00
2055,0.577,0.0,0.097,None,2021-12-23 15:00:00
2056,0.477,0.0,0.037,None,2021-12-23 16:00:00
2057,0.751,0.0,0.001,None,2021-12-23 17:00:00
2058,0.998,0.0,0.0,None,2021-12-23 18:00:00
2059,0.599,0.0,0.0,None,2021-12-23 19:00:00
2060,0.813,0.0,0.0,None,2021-12-23 20:00:00
2061,0.564,0.0,0.0,None,2021-12-23 21:00:00
2062,0.0,0.951,0.0,None,2021-12-23 22:00:00
2063,0.0,0.992,0.0,None,2021-12-23 23:00:00
2064,0.0,0.544,0.0,None,2021-12-24 00:00:00
2065,0.0,0.374,0.0,None,2021-12-24 01:00:00
2066,0.0,0.319,0.0,None,2021-12-24 02:00:00
2067,0.0,0.321,0.0,None,2021-12-24 03:00:00
2068,0.0,0.304,0.0,None,2021-12-24 04:00:00
2069,0.0,0.307,0.0,None,2021-12-24 05:00:00
2070,0.0,0.314,0.0,None,2021-12-24 06:00:00
2071,0.0,0.322,0.0,None,2021-12-24 07:00:00
2072,0.814,0.0,0.004,None,2021-12-24 08:00:00
2073,0.755,0.0,0.04,None,2021-12-24 09:00:00
2074,1.676,0.0,0.213,None,2021-12-24 10:00:00
2075,0.784,0.0,0.275,None,2021-12-24 11:00:00
2076,0.225,0.0,0.178,None,2021-12-24 12:00:00
2077,1.172,0.0,0.08,None,2021-12-24 13:00:00
2078,0.823,0.0,0.052,None,2021-12-24 14:00:00
2079,0.673,0.0,0.021,None,2021-12-24 15:00:00
2080,1.69,0.0,0.029,None,2021-12-24 16:00:00
2081,1.546,0.0,0.0,None,2021-12-24 17:00:00
2082,0.929,0.0,0.0,None,2021-12-24 18:00:00
2083,2.513,0.0,0.0,None,2021-12-24 19:00:00
2084,1.799,0.0,0.0,None,2021-12-24 20:00:00
2085,0.682,0.0,0.0,None,2021-12-24 21:00:00
2086,0.0,0.886,0.0,None,2021-12-24 22:00:00
2087,0.0,1.22,0.0,None,2021-12-24 23:00:00
2088,0.0,0.479,0.0,None,2021-12-25 00:00:00
2089,0.0,0.44,0.0,None,2021-12-25 01:00:00
2090,0.0,0.322,0.0,None,2021-12-25 02:00:00
2091,0.0,0.294,0.0,None,2021-12-25 03:00:00
2092,0.0,0.299,0.0,None,2021-12-25 04:00:00
2093,0.0,0.342,0.0,None,2021-12-25 05:00:00
2094,0.0,0.303,0.0,None,2021-12-25 06:00:00
2095,0.0,0.319,0.0,None,2021-12-25 07:00:00
2096,0.33,0.0,0.008,None,2021-12-25 08:00:00
2097,1.954,0.0,0.117,None,2021-12-25 09:00:00
2098,0.546,0.0,0.448,Low,2021-12-25 10:00:00
2099,1.235,0.0,0.263,None,2021-12-25 11:00:00
2100,2.269,0.0,0.39,None,2021-12-25 12:00:00
2101,1.627,0.0,0.23,None,2021-12-25 13:00:00
2102,0.397,0.0,0.106,None,2021-12-25 14:00:00
2103,0.472,0.0,0.206,None,2021-12-25 15:00:00
2104,0.311,0.0,0.029,None,2021-12-25 16:00:00
2105,0.343,0.0,0.0,None,2021-12-25 17:00:00
2106,0.386,0.0,0.0,None,2021-12-25 18:00:00
2107,0.439,0.0,0.0,None,2021-12-25 19:00:00
2108,0.69,0.0,0.0,None,2021-12-25 20:00:00
2109,0.437,0.0,0.0,None,2021-12-25 21:00:00
2110,0.0,0.375,0.0,None,2021-12-25 22:00:00
2111,0.0,0.379,0.0,None,2021-12-25 23:00:00
2112,0.0,0.375,0.0,None,2021-12-26 00:00:00
2113,0.0,0.326,0.0,None,2021-12-26 01:00:00
2114,0.0,0.254,0.0,None,2021-12-26 02:00:00
2115,0.0,0.25,0.0,None,2021-12-26 03:00:00
2116,0.0,0.372,0.0,None,2021-12-26 04:00:00
2117,0.0,0.415,0.0,None,2021-12-26 05:00:00
2118,0.0,0.331,0.0,None,2021-12-26 06:00:00
2119,0.0,1.285,0.0,None,2021-12-26 07:00:00
2120,0.245,0.0,0.0,None,2021-12-26 08:00:00
2121,0.225,0.0,0.013,None,2021-12-26 09:00:00
2122,0.687,0.0,0.022,None,2021-12-26 10:00:00
2123,1.884,0.0,0.031,None,2021-12-26 11:00:00
2124,0.665,0.0,0.059,None,2021-12-26 12:00:00
2125,1.155,0.0,0.055,None,2021-12-26 13:00:00
2126,0.218,0.0,0.036,None,2021-12-26 14:00:00
2127,0.375,0.0,0.017,None,2021-12-26 15:00:00
2128,1.413,0.0,0.001,None,2021-12-26 16:00:00
2129,1.055,0.0,0.0,None,2021-12-26 17:00:00
2130,1.046,0.0,0.0,None,2021-12-26 18:00:00
2131,0.79,0.0,0.0,None,2021-12-26 19:00:00
2132,1.096,0.0,0.0,None,2021-12-26 20:00:00
2133,0.585,0.0,0.0,None,2021-12-26 21:00:00
2134,0.0,0.622,0.0,None,2021-12-26 22:00:00
2135,0.0,0.459,0.0,None,2021-12-26 23:00:00
2136,0.0,0.433,0.0,None,2021-12-27 00:00:00
2137,0.0,0.486,0.0,None,2021-12-27 01:00:00
2138,0.0,0.304,0.0,None,2021-12-27 02:00:00
2139,0.0,0.284,0.0,None,2021-12-27 03:00:00
2140,0.0,0.286,0.0,None,2021-12-27 04:00:00
2141,0.0,0.293,0.0,None,2021-12-27 05:00:00
2142,0.0,0.286,0.0,None,2021-12-27 06:00:00
2143,0.0,0.284,0.0,None,2021-12-27 07:00:00
2144,0.234,0.0,0.04,None,2021-12-27 08:00:00
2145,0.661,0.0,0.103,None,2021-12-27 09:00:00
2146,0.849,0.0,0.113,None,2021-12-27 10:00:00
2147,0.057,0.0,0.24,Medium,2021-12-27 11:00:00
2148,0.034,0.0,0.271,Medium,2021-12-27 12:00:00
2149,0.585,0.0,0.282,Medium,2021-12-27 13:00:00
2150,0.1,0.0,0.231,Low,2021-12-27 14:00:00
2151,0.276,0.0,0.085,None,2021-12-27 15:00:00
2152,0.552,0.0,0.022,None,2021-12-27 16:00:00
2153,1.097,0.0,0.0,None,2021-12-27 17:00:00
2154,0.655,0.0,0.0,None,2021-12-27 18:00:00
2155,0.881,0.0,0.0,None,2021-12-27 19:00:00
2156,0.74,0.0,0.0,None,2021-12-27 20:00:00
2157,0.466,0.0,0.0,None,2021-12-27 21:00:00
2158,0.0,0.523,0.0,None,2021-12-27 22:00:00
2159,0.0,0.508,0.0,None,2021-12-27 23:00:00
2160,0.0,1.148,0.0,None,2021-12-28 00:00:00
2161,0.0,0.345,0.0,None,2021-12-28 01:00:00
2162,0.0,0.251,0.0,None,2021-12-28 02:00:00
2163,0.0,0.318,0.0,None,2021-12-28 03:00:00
2164,0.0,0.284,0.0,None,2021-12-28 04:00:00
2165,0.0,0.249,0.0,None,2021-12-28 05:00:00
2166,0.0,0.236,0.0,None,2021-12-28 06:00:00
2167,0.0,0.246,0.0,None,2021-12-28 07:00:00
2168,0.253,0.0,0.008,None,2021-12-28 08:00:00
2169,0.219,0.0,0.086,None,2021-12-28 09:00:00
2170,0.06,0.0,0.2,Medium,2021-12-28 10:00:00
2171,0.046,0.0,0.241,Medium,2021-12-28 11:00:00
2172,0.013,0.0,0.285,Medium,2021-12-28 12:00:00
2173,0.083,0.0,0.295,Low,2021-12-28 13:00:00
2174,0.375,0.0,0.261,Low,2021-12-28 14:00:00
2175,0.51,0.0,0.093,None,2021-12-28 15:00:00
2176,0.493,0.0,0.016,None,2021-12-28 16:00:00
2177,0.384,0.0,0.0,None,2021-12-28 17:00:00
2178,0.796,0.0,0.0,None,2021-12-28 18:00:00
2179,0.565,0.0,0.0,None,2021-12-28 19:00:00
2180,0.513,0.0,0.0,None,2021-12-28 20:00:00
2181,0.615,0.0,0.0,None,2021-12-28 21:00:00
2182,0.0,0.353,0.0,None,2021-12-28 22:00:00
2183,0.0,1.109,0.0,None,2021-12-28 23:00:00
2184,0.0,0.368,0.0,None,2021-12-29 00:00:00
2185,0.0,0.335,0.0,None,2021-12-29 01:00:00
2186,0.0,0.317,0.0,None,2021-12-29 02:00:00
2187,0.0,0.377,0.0,None,2021-12-29 03:00:00
2188,0.0,0.395,0.0,None,2021-12-29 04:00:00
2189,0.0,0.323,0.0,None,2021-12-29 05:00:00
2190,0.0,0.264,0.0,None,2021-12-29 06:00:00
2191,0.0,0.257,0.0,None,2021-12-29 07:00:00
2192,0.257,0.0,0.014,None,2021-12-29 08:00:00
2193,0.339,0.0,0.074,None,2021-12-29 09:00:00
2194,0.751,0.0,0.145,None,2021-12-29 10:00:00
2195,0.074,0.0,0.261,Low,2021-12-29 11:00:00
2196,1.179,0.0,0.197,None,2021-12-29 12:00:00
2197,0.325,0.0,0.125,None,2021-12-29 13:00:00
2198,0.355,0.0,0.117,None,2021-12-29 14:00:00
2199,0.43,0.0,0.092,None,2021-12-29 15:00:00
2200,0.612,0.0,0.04,None,2021-12-29 16:00:00
2201,0.7,0.0,0.0,None,2021-12-29 17:00:00
2202,0.475,0.0,0.0,None,2021-12-29 18:00:00
2203,1.111,0.0,0.0,None,2021-12-29 19:00:00
2204,1.143,0.0,0.0,None,2021-12-29 20:00:00
2205,0.414,0.0,0.0,None,2021-12-29 21:00:00
2206,0.0,0.404,0.0,None,2021-12-29 22:00:00
2207,0.0,0.465,0.0,None,2021-12-29 23:00:00
2208,0.0,0.426,0.0,None,2021-12-30 00:00:00
2209,0.0,0.362,0.0,None,2021-12-30 01:00:00
2210,0.0,0.342,0.0,None,2021-12-30 02:00:00
2211,0.0,0.265,0.0,None,2021-12-30 03:00:00
2212,0.0,0.258,0.0,None,2021-12-30 04:00:00
2213,0.0,0.25,0.0,None,2021-12-30 05:00:00
2214,0.0,0.255,0.0,None,2021-12-30 06:00:00
2215,0.0,0.237,0.0,None,2021-12-30 07:00:00
2216,0.136,0.0,0.096,None,2021-12-30 08:00:00
2217,0.009,0.0,0.255,Medium,2021-12-30 09:00:00
2218,0.0,0.0,0.344,High,2021-12-30 10:00:00
2219,0.19,0.0,0.499,High,2021-12-30 11:00:00
2220,0.41,0.0,0.777,Medium,2021-12-30 12:00:00
2221,0.28,0.0,0.627,Medium,2021-12-30 13:00:00
2222,1.272,0.0,0.658,None,2021-12-30 14:00:00
2223,0.71,0.0,0.4,None,2021-12-30 15:00:00
2224,0.586,0.0,0.031,None,2021-12-30 16:00:00
2225,1.014,0.0,0.0,None,2021-12-30 17:00:00
2226,1.461,0.0,0.0,None,2021-12-30 18:00:00
2227,1.422,0.0,0.0,None,2021-12-30 19:00:00
2228,0.939,0.0,0.0,None,2021-12-30 20:00:00
2229,0.49,0.0,0.0,None,2021-12-30 21:00:00
2230,0.0,0.406,0.0,None,2021-12-30 22:00:00
2231,0.0,0.402,0.0,None,2021-12-30 23:00:00
2232,0.0,0.397,0.0,None,2021-12-31 00:00:00
2233,0.0,0.318,0.0,None,2021-12-31 01:00:00
2234,0.0,0.257,0.0,None,2021-12-31 02:00:00
2235,0.0,0.247,0.0,None,2021-12-31 03:00:00
2236,0.0,0.255,0.0,None,2021-12-31 04:00:00
2237,0.0,0.245,0.0,None,2021-12-31 05:00:00
2238,0.0,0.244,0.0,None,2021-12-31 06:00:00
2239,0.0,1.677,0.0,None,2021-12-31 07:00:00
2240,0.194,0.0,0.059,None,2021-12-31 08:00:00
2241,0.189,0.0,0.362,Medium,2021-12-31 09:00:00
2242,0.0,0.0,0.298,High,2021-12-31 10:00:00
2243,0.094,0.0,0.434,High,2021-12-31 11:00:00
2244,0.0,0.0,0.43,High,2021-12-31 12:00:00
2245,0.892,0.0,0.635,None,2021-12-31 13:00:00
2246,1.614,0.0,0.556,None,2021-12-31 14:00:00
2247,0.598,0.0,0.385,None,2021-12-31 15:00:00
2248,1.354,0.0,0.038,None,2021-12-31 16:00:00
2249,1.626,0.0,0.0,None,2021-12-31 17:00:00
2250,0.708,0.0,0.0,None,2021-12-31 18:00:00
2251,2.176,0.0,0.0,None,2021-12-31 19:00:00
2252,0.732,0.0,0.0,None,2021-12-31 20:00:00
2253,0.704,0.0,0.0,None,2021-12-31 21:00:00
2254,0.0,0.424,0.0,None,2021-12-31 22:00:00
2255,0.0,0.432,0.0,None,2021-12-31 23:00:00
